,word,count
1,for,474
2,a,757
3,muse,18
4,of,1094
5,fire,22
6,that,785
7,would,138
8,ascend,1
9,the,1525
10,brightest,2
11,heaven,48
12,invention,9
13,kingdom,6
14,stage,3
15,princes,4
16,to,1196
17,act,35
18,and,1395
19,monarchs,2
20,behold,13
21,swelling,1
22,scene,34
23,then,132
24,should,102
25,warlike,4
26,harry,1
27,like,101
28,himself,23
29,assume,1
30,port,3
31,mars,12
32,at,131
33,his,434
34,heels,3
35,leash,1
37,in,787
38,hounds,2
39,famine,3
40,sword,17
41,crouch,1
42,employment,2
43,but,420
44,pardon,20
45,gentles,1
46,all,258
47,flat,1
48,unraised,1
49,spirits,7
50,have,329
51,dared,1
52,on,178
53,this,355
54,unworthy,5
55,scaffold,1
56,bring,32
57,forth,25
58,so,352
59,great,89
60,an,95
61,object,3
62,can,103
63,cockpit,1
64,hold,28
65,vasty,1
66,fields,3
67,france,50
68,or,196
69,may,108
70,we,189
71,cram,1
72,within,23
73,wooden,1
74,very,49
75,casques,1
76,did,110
77,affright,1
78,air,9
79,agincourt,1
80,since,46
81,crooked,4
82,figure,3
83,attest,1
84,little,18
85,place,24
86,million,2
87,let,112
88,us,78
89,ciphers,1
90,accompt,1
91,your,397
92,imaginary,3
93,forces,3
94,work,14
95,suppose,4
96,girdle,1
97,these,50
98,walls,3
99,are,217
100,now,128
101,confined,4
102,two,36
103,mighty,8
104,monarchies,1
105,whose,60
106,high,20
107,upreared,1
108,abutting,1
109,fronts,1
110,perilous,1
111,narrow,3
112,ocean,4
113,parts,13
114,asunder,1
115,piece,3
116,out,67
117,our,196
118,imperfections,1
119,with,445
120,thoughts,33
121,into,41
122,thousand,17
123,divide,4
124,man,71
125,make,117
126,puissance,1
127,think,70
128,when,197
129,talk,8
130,horses,6
131,you,749
132,see,83
133,them,88
134,printing,1
135,their,124
136,proud,20
137,hoofs,1
139,receiving,2
140,earth,20
141,tis,85
142,must,94
143,deck,1
144,kings,8
145,carry,7
146,here,82
147,there,112
148,jumping,1
149,er,48
150,times,16
151,turning,1
152,accomplishment,1
153,many,45
154,years,5
155,hour,19
156,glass,9
157,which,248
158,supply,1
159,admit,3
160,me,417
161,chorus,1
162,history,3
163,who,71
164,prologue,1
165,humble,9
166,patience,7
167,pray,33
168,gently,3
169,hear,51
170,kindly,3
171,judge,1
172,play,15
173,exit,34
174,london,1
175,ante,1
176,chamber,4
177,king,172
179,palace,19
180,enter,78
181,archbishop,2
182,canterbury,21
183,bishop,2
184,ely,14
185,my,858
186,lord,227
187,ll,89
188,tell,49
189,self,81
190,bill,3
191,is,557
192,urged,2
193,eleventh,1
194,year,13
195,last,13
196,reign,3
197,was,159
198,had,87
199,indeed,30
200,against,46
201,pass,12
202,scambling,1
203,unquiet,1
204,time,122
205,push,1
206,it,460
207,farther,7
208,question,11
209,how,104
210,shall,218
211,resist,1
212,be,399
213,thought,35
214,if,199
215,lose,29
216,better,43
217,half,11
218,possession,4
219,temporal,1
220,lands,1
221,men,47
222,devout,1
223,by,246
224,testament,2
225,given,13
226,church,2
227,they,147
228,strip,1
229,from,194
230,being,52
231,valued,2
232,thus,39
233,as,316
234,much,56
235,maintain,2
236,honour,59
237,full,34
238,fifteen,3
239,earls,1
240,hundred,11
241,knights,2
242,six,7
243,good,128
244,esquires,1
245,relief,2
246,lazars,1
247,weak,8
248,age,23
249,indigent,1
250,faint,2
251,souls,3
252,past,26
253,corporal,2
254,toil,5
255,almshouses,1
256,right,23
257,well,137
258,supplied,1
259,coffers,1
260,beside,4
261,pounds,1
262,runs,4
263,drink,8
264,deep,9
265,twould,4
266,cup,2
267,what,242
268,prevention,1
269,grace,35
270,fair,64
271,regard,2
272,true,61
273,lover,4
274,holy,15
275,courses,3
276,youth,30
277,promised,1
278,not,510
279,breath,11
280,no,222
281,sooner,4
282,left,11
283,father,30
284,body,17
285,wildness,2
286,mortified,1
287,him,277
288,seem,28
289,die,30
290,too,68
291,yea,5
292,moment,3
293,consideration,1
294,angel,7
295,came,11
296,whipp,2
297,offending,1
298,adam,1
299,leaving,1
300,paradise,2
301,envelop,1
302,contain,3
303,celestial,2
304,never,61
305,such,98
306,sudden,3
307,scholar,1
308,made,51
309,reformation,1
310,flood,1
311,heady,1
312,currance,1
313,scouring,1
314,faults,16
315,nor,76
316,hydra,1
317,headed,1
318,wilfulness,2
319,soon,10
320,seat,6
321,once,23
322,blessed,11
323,change,18
324,reason,10
325,divinity,1
326,admiring,2
327,inward,5
328,wish,20
329,desire,16
330,were,93
331,prelate,1
332,debate,4
333,commonwealth,2
334,affairs,5
335,say,106
336,hath,115
337,been,31
338,study,2
339,list,3
340,discourse,2
341,war,27
342,fearful,3
343,battle,2
344,render,6
345,music,6
346,turn,13
347,any,47
348,cause,16
349,policy,6
350,gordian,1
351,knot,4
352,he,354
353,will,244
354,unloose,1
355,familiar,3
356,garter,2
357,speaks,5
358,charter,4
359,libertine,2
360,still,55
361,mute,5
362,wonder,9
363,lurketh,1
364,ears,8
365,steal,15
366,sweet,73
367,honey,5
368,sentences,1
369,art,74
370,practic,1
371,part,35
372,life,58
373,mistress,22
374,theoric,2
375,glean,1
376,addiction,1
377,vain,4
378,companies,1
379,unletter,1
380,rude,6
381,shallow,3
382,hours,17
383,fill,9
384,up,49
385,riots,1
386,banquets,1
387,sports,1
388,noted,3
389,retirement,1
390,sequestration,1
391,open,5
392,haunts,1
393,popularity,1
394,strawberry,1
395,grows,5
396,underneath,1
397,nettle,1
398,wholesome,1
399,berries,1
400,thrive,7
401,ripen,1
402,best,37
403,neighbour,5
404,fruit,2
405,baser,2
406,quality,5
407,prince,9
408,obscured,1
409,contemplation,1
410,under,23
411,veil,2
412,doubt,4
413,grew,6
414,summer,20
415,grass,2
416,fastest,1
417,night,51
418,unseen,5
419,yet,116
420,crescive,1
421,faculty,2
422,miracles,3
423,ceased,1
424,therefore,47
425,needs,12
426,means,12
427,things,35
428,perfected,1
429,mitigation,1
430,commons,1
431,doth,98
432,majesty,24
433,incline,1
434,seems,7
435,indifferent,1
436,rather,23
437,swaying,1
438,more,162
439,upon,108
440,than,115
441,cherishing,1
442,exhibiters,1
443,offer,4
444,spiritual,1
445,convocation,1
446,causes,1
447,hand,46
448,large,7
449,touching,1
450,give,86
451,greater,10
452,sum,5
453,ever,45
454,one,109
455,clergy,2
456,predecessors,1
457,withal,7
458,received,2
459,acceptance,2
460,save,21
461,enough,17
462,perceived,2
463,fain,4
464,done,31
465,severals,1
466,unhidden,1
467,passages,1
468,titles,4
469,some,69
470,certain,9
471,dukedoms,5
472,generally,3
473,crown,10
474,derived,3
475,edward,4
476,grandfather,2
477,impediment,2
478,broke,4
479,off,26
480,french,23
481,ambassador,4
482,instant,6
483,craved,1
484,audience,3
485,come,76
486,hearing,4
487,four,10
488,clock,5
489,go,55
490,know,130
491,embassy,3
492,could,39
493,ready,1
494,guess,6
495,declare,1
496,before,49
497,frenchman,4
498,speak,70
499,word,21
500,wait,5
501,long,32
502,exeunt,39
503,ii,9
504,same,13
505,presence,7
506,henry,13
508,gloucester,1
509,bedford,1
510,exeter,4
511,warwick,1
512,westmoreland,4
513,attendants,11
514,where,94
515,gracious,15
516,send,19
517,uncle,4
518,call,29
519,liege,12
520,cousin,4
521,resolved,2
522,weight,6
523,task,3
524,concerning,1
525,god,34
526,angels,2
527,guard,4
528,sacred,4
529,throne,8
530,become,8
531,sure,15
532,thank,18
533,learned,6
534,proceed,4
535,justly,2
536,religiously,1
537,unfold,2
538,why,57
539,law,12
540,salique,9
541,bar,5
542,claim,9
543,forbid,7
544,dear,45
545,faithful,1
546,fashion,5
547,wrest,1
548,bow,5
549,reading,5
550,nicely,1
551,charge,15
552,understanding,1
553,soul,17
554,opening,2
555,miscreate,1
556,suits,1
557,native,4
558,colours,2
559,truth,49
560,health,9
561,drop,3
562,blood,32
563,approbation,1
564,reverence,1
565,incite,1
566,take,60
567,heed,6
568,impawn,1
569,person,2
570,awake,3
571,sleeping,2
572,name,45
573,kingdoms,5
574,contend,4
575,without,27
576,fall,16
577,guiltless,1
578,drops,2
579,every,51
580,woe,13
581,sore,2
582,complaint,2
583,gainst,11
584,wrong,15
585,gives,14
586,edge,7
587,unto,11
588,swords,4
589,waste,7
590,brief,7
591,mortality,3
592,conjuration,1
593,note,13
594,believe,19
595,heart,85
596,conscience,6
597,wash,2
598,pure,6
599,sin,14
600,baptism,1
601,sovereign,14
602,peers,1
603,owe,5
604,yourselves,3
605,lives,12
606,services,3
607,imperial,2
608,highness,12
609,produce,4
610,pharamond,3
611,terram,1
612,salicam,1
613,mulieres,1
614,ne,17
615,succedant,1
616,woman,22
617,succeed,2
618,land,10
619,unjustly,2
620,gloze,1
621,realm,2
622,founder,2
623,female,5
624,own,73
625,authors,1
626,faithfully,3
627,affirm,1
628,germany,2
629,between,12
630,floods,2
631,sala,3
632,elbe,2
633,charles,7
634,having,10
635,subdued,3
636,saxons,2
637,behind,7
638,settled,2
639,holding,2
640,disdain,7
641,german,2
642,women,11
643,dishonest,1
644,manners,8
645,establish,1
646,wit,9
647,inheritrix,1
648,said,18
649,twixt,3
650,day,50
651,meisen,1
652,appear,9
653,devised,2
654,possess,1
655,until,6
656,twenty,8
657,after,32
658,defunction,1
659,idly,2
660,supposed,5
661,died,6
662,redemption,1
663,beyond,2
664,river,2
665,eight,2
666,five,10
667,besides,3
668,writers,2
669,pepin,3
670,deposed,1
671,childeric,1
672,heir,7
673,general,16
674,descended,1
675,blithild,1
676,daughter,24
677,clothair,1
678,title,12
679,hugh,2
680,capet,3
681,also,2
682,usurped,1
683,duke,31
684,lorraine,2
685,sole,4
686,male,1
687,line,8
688,stock,1
689,find,46
690,shows,12
691,through,13
692,corrupt,9
693,naught,1
694,convey,3
695,lady,27
696,lingare,1
697,charlemain,2
698,son,39
699,lewis,4
700,emperor,2
701,tenth,2
702,usurper,1
703,keep,26
704,quiet,2
705,wearing,2
706,till,37
707,satisfied,1
708,queen,19
709,isabel,1
710,grandmother,1
711,lineal,1
712,ermengare,1
713,foresaid,1
714,marriage,9
715,re,11
716,united,1
717,clear,4
718,sun,15
719,satisfaction,2
720,do,219
721,howbeit,1
722,claiming,1
723,choose,10
724,hide,8
725,net,1
726,amply,1
727,imbar,1
728,usurp,1
729,progenitors,1
730,head,14
731,dread,2
732,book,8
733,numbers,6
734,writ,13
735,dies,4
736,inheritance,2
737,descend,1
738,stand,27
739,unwind,1
740,bloody,7
741,flag,2
742,look,45
743,back,14
744,ancestors,5
745,grandsire,1
746,tomb,8
747,whom,40
748,invoke,1
749,spirit,16
750,black,19
751,ground,6
752,tragedy,1
753,making,14
754,defeat,4
755,power,33
756,whiles,2
757,most,84
758,hill,1
759,stood,6
760,smiling,3
761,lion,4
762,whelp,1
763,forage,1
764,nobility,3
765,noble,27
766,english,4
767,entertain,4
768,pride,13
769,another,24
770,laughing,2
771,cold,16
772,action,8
773,remembrance,11
774,valiant,6
775,dead,34
776,puissant,2
777,arm,7
778,renew,2
779,feats,1
780,sit,14
781,courage,2
782,renowned,1
783,veins,3
784,thrice,6
785,morn,3
786,ripe,2
787,exploits,1
788,enterprises,1
789,brother,16
790,expect,1
791,rouse,2
792,yourself,12
793,former,6
794,lions,1
795,might,53
796,england,6
797,nobles,2
798,richer,3
799,loyal,1
800,subjects,3
801,hearts,13
802,bodies,2
803,lie,20
804,pavilion,2
805,follow,13
806,win,9
807,aid,9
808,whereof,6
809,spiritualty,1
810,raise,1
811,only,33
812,invade,1
813,lay,13
814,down,23
815,proportions,3
816,defend,3
817,scot,4
818,road,1
819,advantages,1
820,those,52
821,marches,1
822,wall,1
823,sufficient,1
824,inland,1
825,pilfering,1
826,borderers,1
827,mean,7
828,coursing,1
829,snatchers,1
830,fear,23
831,main,8
832,intendment,1
833,giddy,1
834,read,14
835,went,3
836,unfurnish,1
837,pouring,1
838,tide,2
839,breach,3
840,ample,4
841,brim,2
842,fulness,2
843,force,7
844,galling,1
845,gleaned,1
846,hot,6
847,assays,1
848,girding,1
849,grievous,1
850,siege,3
851,castles,2
852,towns,1
853,empty,1
854,defence,6
855,shook,3
856,trembled,1
857,ill,29
858,neighbourhood,1
859,she,165
860,harm,4
861,her,282
862,exampled,1
863,herself,11
864,chivalry,1
865,mourning,3
866,widow,41
867,defended,1
868,taken,11
869,impounded,1
870,stray,1
871,scots,1
872,fame,7
873,prisoner,1
874,chronicle,2
875,rich,17
876,praise,33
877,ooze,1
878,bottom,3
879,sea,13
880,sunken,1
881,wreck,2
882,sunless,1
883,treasuries,1
884,saying,2
885,old,42
886,scotland,1
887,first,129
888,begin,9
889,eagle,2
890,prey,4
891,unguarded,1
892,nest,2
893,weasel,1
894,comes,27
895,sneaking,1
896,sucks,1
897,princely,1
898,eggs,1
899,playing,1
900,mouse,1
901,absence,7
902,cat,8
903,tear,2
904,havoc,1
905,eat,12
906,follows,3
907,stay,22
908,home,27
909,crush,2
910,necessity,4
911,locks,1
912,safeguard,1
913,necessaries,1
914,pretty,9
915,traps,1
916,catch,7
917,petty,5
918,thieves,1
919,while,11
920,armed,2
921,fight,6
922,abroad,4
923,advised,3
924,defends,1
925,itself,17
926,government,1
927,though,61
928,low,6
929,lower,2
930,put,30
931,consent,5
932,congreeing,1
933,natural,3
934,close,4
935,state,27
936,divers,4
937,functions,1
938,setting,3
939,endeavour,1
940,continual,2
941,motion,10
942,fixed,4
943,aim,3
944,butt,2
945,obedience,1
946,bees,1
947,creatures,4
948,rule,2
949,nature,45
950,teach,4
951,order,3
952,peopled,1
953,officers,3
954,sorts,2
955,magistrates,1
956,correct,2
957,others,25
958,merchants,1
959,venture,3
960,trade,1
961,soldiers,11
962,stings,3
963,boot,3
964,velvet,4
965,buds,5
966,pillage,1
967,merry,6
968,march,4
969,tent,2
970,royal,8
971,busied,1
972,surveys,1
973,singing,1
974,masons,1
975,building,2
976,roofs,1
977,gold,10
978,civil,3
979,citizens,2
980,kneading,1
981,poor,47
982,mechanic,1
983,porters,1
984,crowding,1
985,heavy,13
986,burdens,1
987,gate,4
988,sad,14
989,eyed,2
990,justice,5
991,surly,2
992,hum,1
993,delivering,2
994,executors,1
995,pale,4
996,lazy,1
997,yawning,1
998,drone,1
999,infer,1
1000,reference,2
1001,contrariously,1
1002,arrows,1
1003,loosed,1
1004,several,5
1005,ways,7
1006,mark,11
1007,meet,8
1008,town,1
1009,fresh,7
1010,streams,2
1011,salt,3
1012,lines,9
1013,dial,5
1014,centre,2
1015,actions,1
1016,afoot,1
1017,end,24
1018,purpose,15
1019,borne,4
1020,happy,17
1021,quarter,2
1022,gallia,1
1023,shake,8
1024,powers,4
1025,cannot,51
1026,doors,2
1027,dog,2
1028,worried,1
1029,nation,3
1030,hardiness,1
1031,messengers,6
1032,sent,9
1033,dauphin,12
1034,help,22
1035,yours,20
1036,sinews,1
1037,ours,5
1038,bend,3
1039,awe,1
1040,break,11
1041,pieces,2
1042,ruling,1
1043,empery,1
1044,almost,10
1045,kingly,3
1046,bones,5
1047,urn,1
1048,tombless,1
1049,over,9
1050,either,11
1051,mouth,7
1052,freely,5
1053,acts,3
1054,else,19
1055,grave,7
1056,turkish,1
1057,tongueless,1
1058,worshipp,1
1059,waxen,1
1060,epitaph,3
1061,ambassadors,2
1062,prepared,1
1063,pleasure,28
1064,greeting,3
1066,please,18
1067,leave,42
1068,sparingly,1
1069,show,36
1070,far,31
1071,meaning,6
1072,tyrant,4
1073,christian,2
1074,passion,7
1075,subject,7
1076,wretches,1
1077,fetter,1
1078,prisons,1
1079,frank,3
1080,uncurbed,1
1081,plainness,1
1082,mind,24
1083,few,3
1084,lately,4
1085,sending,2
1086,predecessor,1
1087,third,3
1088,answer,24
1089,master,21
1090,says,15
1091,savour,3
1092,bids,4
1093,nought,5
1094,nimble,3
1095,galliard,1
1096,won,9
1097,revel,2
1098,sends,2
1099,meeter,1
1100,tun,2
1101,treasure,10
1102,lieu,1
1103,desires,4
1104,tennis,1
1105,balls,4
1106,glad,6
1107,pleasant,3
1108,present,20
1109,pains,8
1110,rackets,1
1111,set,22
1112,strike,3
1113,hazard,3
1114,match,5
1115,wrangler,1
1116,courts,1
1117,disturb,1
1118,chaces,1
1119,understand,9
1120,wilder,1
1121,days,22
1122,measuring,1
1123,use,32
1124,living,13
1125,hence,17
1126,ourself,1
1127,barbarous,1
1128,licence,2
1129,common,14
1130,merriest,1
1131,sail,4
1132,greatness,3
1133,laid,7
1134,plodded,1
1135,working,1
1136,rise,3
1137,glory,9
1138,dazzle,1
1139,eyes,67
1140,blind,7
1141,mock,9
1142,gun,1
1143,stones,2
1144,charged,2
1145,wasteful,3
1146,vengeance,1
1147,fly,11
1148,widows,1
1149,husbands,1
1150,mothers,3
1151,sons,3
1152,ungotten,1
1153,unborn,1
1154,curse,3
1155,scorn,7
1156,lies,19
1157,appeal,2
1158,am,125
1159,coming,8
1160,venge,1
1161,rightful,1
1162,hallow,1
1163,get,10
1164,peace,8
1165,jest,2
1166,thousands,1
1167,weep,9
1168,laugh,6
1169,safe,2
1170,conduct,2
1171,fare,8
1172,hope,30
1173,sender,2
1174,blush,4
1175,lords,20
1176,omit,1
1177,furtherance,1
1178,expedition,1
1179,run,10
1180,business,24
1181,wars,17
1182,collected,2
1183,reasonable,1
1184,swiftness,1
1185,add,6
1186,feathers,3
1187,wings,3
1188,chide,7
1189,door,2
1190,foot,9
1191,brought,8
1192,wet,2
1193,eye,49
1194,thou,334
1195,consum,1
1196,st,83
1197,thy,359
1198,single,6
1199,ah,8
1200,issueless,1
1201,shalt,16
1202,hap,1
1203,world,60
1204,wail,2
1205,thee,240
1206,makeless,1
1207,wife,41
1208,form,10
1209,hast,27
1210,private,3
1211,children,4
1212,husband,19
1213,shape,6
1214,unthrift,1
1215,spend,7
1216,shifts,1
1217,enjoys,1
1218,beauty,64
1219,kept,10
1220,unused,3
1221,user,1
1222,destroys,1
1223,love,279
1224,toward,3
1225,bosom,8
1226,sits,3
1227,murd,3
1228,rous,3
1229,shame,14
1230,commits,3
1231,10,1
1232,deny,9
1233,bear,21
1234,unprovident,1
1235,grant,10
1236,wilt,20
1237,beloved,6
1238,none,32
1239,lov,14
1240,evident,1
1241,possessed,2
1242,hate,25
1243,stick,1
1244,conspire,1
1245,seeking,1
1246,beauteous,8
1247,roof,1
1248,ruinate,1
1249,repair,3
1250,chief,3
1251,fairer,8
1252,lodged,1
1253,gentle,18
1254,kind,17
1255,least,8
1256,hearted,1
1257,prove,20
1258,live,49
1259,thine,59
1260,11,1
1261,fast,4
1262,wane,1
1263,grow,17
1264,departest,1
1265,youngly,1
1266,bestow,5
1267,mayst,15
1268,convertest,1
1269,herein,1
1270,wisdom,8
1271,increase,6
1272,folly,7
1273,decay,9
1274,minded,1
1275,cease,3
1276,threescore,1
1277,away,52
1278,store,12
1279,harsh,3
1280,featureless,1
1281,barrenly,1
1282,perish,1
1283,endowed,1
1284,gave,17
1285,bounteous,1
1286,gift,10
1287,shouldst,8
1288,bounty,3
1289,cherish,2
1290,carved,1
1291,seal,2
1292,meant,2
1293,thereby,1
1294,print,1
1295,copy,4
1296,12,1
1297,count,43
1298,tells,3
1299,brave,7
1300,sunk,1
1301,hideous,2
1302,violet,2
1303,prime,4
1304,sable,1
1305,curls,2
1306,silvered,1
1307,white,8
1308,lofty,2
1309,trees,2
1310,barren,5
1311,leaves,8
1312,erst,1
1313,heat,7
1314,canopy,2
1315,herd,2
1316,green,7
1317,girded,1
1318,sheaves,1
1319,bier,1
1320,bristly,1
1321,beard,5
1322,among,6
1323,wastes,3
1324,sweets,5
1325,beauties,4
1326,themselves,15
1327,forsake,4
1328,nothing,54
1329,scythe,4
1330,breed,3
1331,takes,5
1332,13,1
1333,longer,8
1334,prepare,2
1335,semblance,1
1336,other,44
1337,lease,4
1338,determination,1
1339,again,41
1340,decease,2
1341,issue,6
1342,lets,1
1343,house,20
1344,husbandry,1
1345,uphold,1
1346,stormy,1
1347,gusts,1
1348,winter,5
1349,rage,5
1350,death,42
1351,eternal,8
1352,unthrifts,1
1353,14,1
1354,stars,8
1355,judgement,2
1356,pluck,10
1357,methinks,7
1358,astronomy,1
1359,evil,6
1360,luck,2
1361,plagues,2
1362,dearths,1
1363,seasons,3
1364,fortune,37
1365,minutes,5
1366,pointing,2
1367,each,19
1368,thunder,1
1369,rain,4
1370,wind,6
1371,oft,16
1372,predict,1
1373,knowledge,11
1374,derive,3
1375,constant,3
1376,together,9
1377,wouldst,4
1378,convert,1
1379,prognosticate,1
1380,doom,5
1381,date,6
1382,15,1
1383,consider,2
1384,thing,19
1385,holds,11
1386,perfection,4
1387,huge,2
1388,presenteth,1
1389,whereon,3
1390,secret,1
1391,influence,3
1392,comment,2
1393,perceive,4
1394,plants,1
1395,cheered,1
1396,checked,1
1397,even,33
1398,sky,2
1399,vaunt,1
1400,youthful,3
1401,sap,1
1402,height,4
1403,decrease,1
1404,wear,11
1405,memory,7
1406,conceit,3
1407,inconstant,2
1408,sets,3
1409,sight,17
1410,debateth,1
1411,sullied,1
1412,engraft,1
1413,new,30
1414,16,1
1415,wherefore,8
1416,mightier,1
1417,way,24
1418,fortify,2
1419,rhyme,7
1420,top,3
1421,maiden,9
1422,gardens,1
1423,unset,1
1424,virtuous,10
1425,flowers,7
1426,liker,1
1427,painted,5
1428,counterfeit,5
1429,pencil,2
1430,pupil,1
1431,pen,12
1432,neither,10
1433,worth,28
1434,outward,8
1435,keeps,7
1436,drawn,3
1437,skill,13
1438,17,1
1439,verse,15
1440,filled,3
1441,deserts,3
1442,knows,25
1443,hides,1
1444,write,18
1445,number,4
1446,graces,6
1447,poet,4
1448,heavenly,4
1449,touches,6
1450,touched,1
1451,earthly,2
1452,faces,2
1453,papers,1
1454,yellowed,1
1455,scorned,1
1456,less,12
1457,tongue,27
1458,rights,2
1459,termed,1
1460,stretched,1
1461,metre,1
1462,antique,5
1463,song,6
1464,child,13
1465,alive,4
1466,twice,5
1467,18,1
1468,compare,6
1469,lovely,6
1470,temperate,1
1471,rough,2
1472,winds,4
1473,darling,2
1474,short,9
1475,sometime,8
1476,shines,3
1477,often,8
1478,complexion,3
1479,dimmed,1
1480,declines,1
1481,chance,1
1482,changing,2
1483,course,9
1484,untrimmed,1
1485,fade,2
1486,ow,2
1487,brag,1
1488,wand,2
1489,rest,17
1490,shade,4
1491,breathe,5
1492,19,1
1493,devouring,1
1494,blunt,3
1495,paws,1
1496,devour,1
1497,brood,1
1498,keen,2
1499,teeth,3
1500,fierce,3
1501,tiger,1
1502,jaws,1
1503,burn,4
1504,lived,5
1505,phoenix,2
1506,sorry,5
1507,fleet,1
1508,whate,4
1509,swift,6
1510,footed,1
1511,wide,8
1512,fading,2
1513,heinous,1
1514,crime,4
1515,carve,1
1516,brow,8
1517,draw,9
1518,untainted,1
1519,allow,3
1520,pattern,2
1521,succeeding,2
1522,worst,10
1523,despite,5
1524,young,28
1525,20,1
1526,face,24
1527,acquainted,5
1528,shifting,1
1529,false,24
1530,bright,12
1531,theirs,2
1532,rolling,1
1533,gilding,2
1534,whereupon,1
1535,gazeth,1
1536,hue,5
1537,hues,1
1538,controlling,2
1539,steals,2
1540,amazeth,1
1541,wert,4
1542,created,3
1543,wrought,2
1544,fell,6
1545,doting,2
1546,addition,3
1547,defeated,1
1548,adding,1
1549,pricked,1
1550,mine,116
1551,21,1
1552,stirred,1
1553,ornament,4
1554,rehearse,4
1555,couplement,1
1556,moon,3
1557,gems,1
1558,april,3
1559,born,19
1560,rare,8
1561,rondure,1
1562,hems,1
1563,truly,13
1564,mother,35
1565,candles,1
1566,hearsay,1
1567,sell,2
1568,22,1
1569,persuade,1
1570,furrows,1
1571,expiate,1
1572,cover,3
1573,seemly,1
1574,raiment,1
1575,breast,9
1576,elder,1
1577,thyself,7
1578,wary,1
1579,bearing,3
1580,chary,1
1581,tender,11
1582,nurse,1
1583,babe,4
1584,faring,1
1585,presume,3
1586,slain,2
1587,gav,3
1588,23,1
1589,unperfect,1
1590,actor,2
1591,replete,3
1592,strength,12
1593,abundance,4
1594,weakens,1
1595,trust,13
1596,forget,6
1597,perfect,6
1598,ceremony,3
1599,rite,2
1600,ercharged,1
1601,burthen,2
1602,looks,19
1603,eloquence,1
1604,dumb,9
1605,presagers,1
1606,speaking,7
1607,plead,4
1608,recompense,2
1609,expressed,3
1610,learn,4
1611,silent,3
1612,belongs,3
1613,fine,10
1614,24,1
1615,played,2
1616,painter,3
1617,stelled,1
1618,table,2
1619,frame,5
1620,wherein,10
1621,held,4
1622,perspective,2
1623,image,4
1624,pictured,1
1625,shop,1
1626,hanging,1
1627,windows,2
1628,glazed,1
1629,turns,5
1630,delights,2
1631,peep,3
1632,gaze,2
1633,therein,5
1634,cunning,6
1635,want,8
1636,25,1
1637,favour,10
1638,public,5
1639,boast,5
1640,whilst,19
1641,triumph,3
1642,bars,2
1643,unlooked,1
1644,joy,10
1645,favourites,1
1646,spread,1
1647,marigold,1
1648,buried,8
1649,frown,4
1650,painful,1
1651,warrior,1
1652,famoused,1
1653,victories,1
1654,foiled,1
1655,razed,2
1656,quite,6
1657,forgot,6
1658,toiled,1
1659,remove,3
1660,removed,5
1661,26,1
1662,vassalage,1
1663,merit,8
1664,duty,10
1665,strongly,4
1666,knit,2
1667,written,2
1668,embassage,1
1669,witness,5
1670,bare,5
1671,wanting,3
1672,words,18
1673,naked,1
1674,whatsoever,1
1675,star,7
1676,guides,1
1677,moving,2
1678,points,2
1679,graciously,1
1680,aspect,2
1681,puts,2
1682,apparel,2
1683,tattered,1
1684,loving,13
1685,worthy,19
1686,respect,8
1687,dare,15
1688,27,1
1689,weary,3
1690,haste,13
1691,bed,16
1692,respose,1
1693,limbs,4
1694,travel,7
1695,tired,4
1696,begins,2
1697,journey,2
1698,expired,1
1699,abide,3
1700,intend,2
1701,zealous,2
1702,pilgrimage,2
1703,drooping,1
1704,eyelids,2
1705,looking,5
1706,darkness,2
1707,presents,1
1708,shadow,9
1709,sightless,2
1710,view,12
1711,jewel,6
1712,hung,3
1713,ghastly,1
1714,makes,19
1715,lo,3
1716,28,1
1717,return,19
1718,plight,1
1719,debarred,1
1720,benefit,2
1721,oppression,1
1722,eased,1
1723,oppressed,2
1724,enemies,3
1725,hands,8
1726,torture,3
1727,complain,1
1728,dost,31
1729,clouds,5
1730,blot,3
1731,flatter,5
1732,swart,1
1733,complexioned,1
1734,sparkling,1
1735,twire,1
1736,gild,1
1737,daily,3
1738,sorrows,3
1739,nightly,2
1740,grief,13
1741,length,3
1742,stronger,4
1743,29,1
1744,disgrace,9
1745,alone,26
1746,beweep,1
1747,outcast,1
1748,trouble,1
1749,deaf,2
1750,bootless,1
1751,cries,3
1752,fate,1
1753,wishing,2
1754,featured,1
1755,friends,19
1756,desiring,1
1757,scope,6
1758,enjoy,1
1759,contented,5
1760,despising,1
1761,haply,7
1762,lark,2
1763,arising,1
1764,sullen,3
1765,sings,5
1766,hymns,2
1767,remembered,3
1768,wealth,8
1769,brings,7
1770,30,1
1771,sessions,1
1772,summon,1
1773,sigh,1
1774,lack,19
1775,sought,2
1776,woes,1
1777,drown,4
1778,flow,3
1779,precious,7
1780,hid,2
1781,dateless,2
1782,afresh,1
1783,cancelled,1
1784,moan,5
1785,th,68
1786,expense,3
1787,vanished,2
1788,grieve,1
1789,grievances,1
1790,foregone,2
1791,heavily,2
1792,account,4
1793,fore,6
1794,bemoaned,1
1795,pay,7
1796,paid,5
1797,friend,29
1798,losses,2
1799,restored,1
1800,31,1
1801,endeared,1
1802,lacking,1
1803,reigns,1
1804,obsequious,2
1805,religious,3
1806,stol,6
1808,interest,2
1809,hidden,1
1810,trophies,1
1811,lovers,3
1812,gone,29
1813,due,6
1814,images,1
1815,loved,9
1816,32,1
1817,survive,2
1818,churl,1
1819,dust,5
1820,survey,4
1821,deceased,2
1822,bett,1
1823,ring,46
1824,outstripped,1
1825,reserve,2
1826,exceeded,1
1827,happier,1
1828,vouchsafe,2
1829,grown,7
1830,growing,3
1831,dearer,3
1832,birth,6
1833,ranks,2
1834,equipage,1
1835,poets,2
1836,style,4
1837,33,1
1838,glorious,1
1839,morning,5
1840,seen,20
1841,mountain,2
1842,tops,1
1843,kissing,1
1844,golden,3
1845,meadows,1
1846,alchemy,2
1847,anon,7
1848,permit,1
1849,basest,3
1850,ride,4
1851,ugly,1
1852,rack,1
1853,forlorn,1
1854,visage,2
1855,stealing,2
1856,west,3
1857,early,2
1858,shine,5
1859,triumphant,3
1860,splendour,1
1861,alack,4
1862,region,1
1863,cloud,2
1864,masked,3
1865,whit,1
1866,disdaineth,1
1867,suns,1
1868,stain,5
1869,staineth,1
1870,34,1
1871,didst,8
1872,promise,5
1873,cloak,1
1874,base,7
1875,ertake,1
1876,hiding,2
1877,brav,1
1878,ry,9
1879,rotten,3
1880,smoke,2
1881,dry,1
1882,storm,1
1883,beaten,6
1884,salve,2
1885,heals,1
1886,wound,7
1887,cures,1
1888,physic,4
1889,repent,4
1890,loss,13
1891,offender,2
1892,sorrow,12
1893,lends,3
1894,bears,4
1895,strong,17
1896,offence,7
1897,cross,4
1898,tears,13
1899,pearl,2
1900,sheds,1
1901,ransom,6
1902,deeds,14
1903,35,1
1904,grieved,1
1905,roses,8
1906,thorns,5
1907,silver,2
1908,fountains,1
1909,mud,1
1910,eclipses,2
1911,both,53
1912,loathsome,1
1913,canker,5
1914,sweetest,6
1915,bud,1
1916,authorizing,1
1917,trespass,2
1918,corrupting,1
1919,salving,1
1920,amiss,5
1921,excusing,1
1922,sins,3
1923,sensual,2
1924,fault,6
1925,sense,14
1926,adverse,2
1927,party,1
1928,advocate,1
1929,lawful,8
1930,plea,3
1931,commence,1
1932,accessary,2
1933,thief,6
1934,sourly,2
1935,robs,2
1936,36,1
1937,confess,10
1938,twain,6
1939,although,12
1940,undivided,1
1941,loves,21
1942,blots,1
1943,remain,8
1944,separable,1
1945,spite,5
1946,alter,1
1947,effect,4
1948,delight,8
1949,evermore,4
1950,acknowledge,3
1951,lest,13
1952,bewailed,1
1953,guilt,1
1954,kindness,2
1955,unless,10
1956,sort,2
1957,report,14
1958,37,1
1959,decrepit,1
1960,active,1
1961,lame,2
1962,dearest,10
1963,comfort,7
1964,whether,13
1965,entitled,1
1966,crowned,4
1967,engrafted,1
1968,despised,3
1969,substance,3
1970,sufficed,1
1971,ten,13
1972,38,1
1973,invent,2
1974,pour,3
1975,argument,8
1976,excellent,7
1977,vulgar,3
1978,paper,8
1979,thanks,10
1980,aught,4
1981,perusal,1
1982,light,13
1983,nine,3
1984,rhymers,1
1985,invocate,1
1986,calls,9
1987,outlive,4
1988,slight,4
1989,curious,2
1990,pain,6
1991,39,1
1992,sing,13
1993,divided,2
1994,separation,2
1995,deserv,5
1996,torment,3
1997,sour,3
1998,leisure,9
1999,sweetly,2
2000,deceive,2
2001,teachest,2
2002,praising,3
2003,40,1
2004,hadst,4
2005,receivest,1
2006,blame,8
2007,usest,1
2008,blamed,2
2009,deceivest,1
2010,wilful,2
2011,taste,4
2012,refusest,1
2013,forgive,4
2014,robbery,2
2015,poverty,2
2016,known,10
2017,injury,3
2018,lascivious,5
2019,kill,11
2020,spites,1
2021,foes,5
2022,41,1
2023,wrongs,3
2024,liberty,2
2025,absent,7
2026,befits,2
2027,temptation,2
2028,assailed,2
2029,woos,2
2030,prevailed,1
2031,ay,27
2032,mightst,2
2033,forbear,5
2034,straying,1
2035,lead,8
2036,riot,1
2037,forced,1
2038,twofold,1
2039,hers,9
2040,tempting,1
2041,42,1
2042,dearly,7
2043,wailing,1
2044,nearly,2
2045,offenders,1
2046,excuse,7
2047,ye,7
2048,because,5
2049,sake,15
2050,abuse,3
2051,suff,1
2052,approve,3
2053,gain,7
2054,losing,5
2055,found,23
2056,flattery,3
2057,43,1
2058,wink,2
2059,unrespected,2
2060,sleep,10
2061,dreams,3
2062,darkly,2
2063,dark,6
2064,directed,1
2065,shadows,3
2066,clearer,2
2067,unseeing,1
2068,imperfect,1
2069,nights,3
2070,44,1
2071,dull,7
2072,flesh,12
2073,injurious,2
2074,distance,3
2075,stop,4
2076,space,7
2077,limits,1
2078,remote,1
2079,matter,21
2080,farthest,2
2081,jump,1
2082,kills,1
2083,leap,3
2084,lengths,1
2085,miles,2
2086,water,10
2087,attend,6
2088,elements,2
2089,slow,6
2090,badges,1
2091,45,1
2092,purging,1
2093,wherever,1
2094,slide,1
2095,quicker,1
2096,sinks,1
2097,melancholy,5
2098,composition,3
2099,recured,1
2100,returned,1
2101,assured,4
2102,recounting,1
2103,told,14
2104,straight,10
2105,46,1
2106,mortal,7
2107,conquest,2
2108,picture,4
2109,freedom,2
2110,closet,1
2111,pierced,1
2112,crystal,1
2113,defendant,1
2114,appearance,1
2115,side,9
2116,impanelled,1
2117,quest,2
2118,tenants,1
2119,verdict,1
2120,determined,1
2121,moiety,2
2122,47,1
2123,betwixt,3
2124,league,1
2125,took,11
2126,famished,1
2127,sighs,3
2128,smother,1
2129,feast,5
2130,banquet,2
2131,guest,4
2132,share,3
2133,canst,10
2134,move,6
2135,awakes,1
2136,48,1
2137,careful,2
2138,trifle,2
2139,truest,1
2140,thrust,2
2141,falsehood,3
2142,wards,1
2143,jewels,2
2144,trifles,2
2145,greatest,13
2146,care,12
2147,locked,2
2148,chest,3
2149,feel,3
2150,closure,1
2151,whence,7
2152,thence,11
2153,proves,2
2154,thievish,3
2155,prize,3
2156,49,1
2157,defects,2
2158,cast,4
2159,utmost,2
2160,called,3
2161,audit,2
2162,respects,2
2163,strangely,2
2164,scarcely,1
2165,greet,4
2166,converted,1
2167,reasons,7
2168,gravity,1
2169,ensconce,1
2170,desert,5
2171,uprear,1
2172,laws,1
2173,allege,1
2174,50,1
2175,seek,9
2176,case,10
2177,repose,1
2178,measured,1
2179,beast,3
2180,plods,1
2181,dully,1
2182,instinct,1
2183,wretch,3
2184,rider,1
2185,speed,9
2186,spur,2
2187,provoke,1
2188,sometimes,4
2189,anger,2
2190,thrusts,1
2191,answers,2
2192,groan,6
2193,sharp,6
2194,spurring,1
2195,onward,1
2196,51,1
2197,bearer,1
2198,posting,2
2199,need,15
2200,extremity,1
2201,mounted,1
2202,winged,1
2203,horse,12
2204,pace,5
2205,neigh,2
2206,fiery,4
2207,race,2
2208,jade,1
2209,going,9
2210,towards,4
2211,52,1
2212,key,2
2213,blunting,1
2214,point,9
2215,seldom,5
2216,feasts,2
2217,solemn,4
2218,thinly,1
2219,placed,1
2220,captain,25
2221,carcanet,1
2222,wardrobe,1
2223,robe,1
2224,special,4
2225,blest,6
2226,unfolding,1
2227,imprisoned,2
2228,worthiness,3
2229,lacked,2
2230,53,1
2231,millions,1
2232,strange,16
2233,tend,4
2234,lend,12
2235,describe,1
2236,adonis,1
2237,poorly,1
2238,imitated,1
2239,helen,17
2240,cheek,13
2241,grecian,1
2242,tires,1
2243,spring,4
2244,foison,1
2245,external,1
2246,54,1
2247,rose,6
2248,deem,2
2249,odour,3
2250,blooms,1
2251,dye,1
2252,perfumed,2
2253,tincture,1
2254,hang,6
2255,wantonly,1
2256,discloses,1
2257,virtue,19
2258,unwooed,1
2259,deaths,2
2260,odours,1
2261,vade,1
2262,distills,1
2263,55,1
2264,marble,1
2265,gilded,5
2266,monuments,1
2267,powerful,4
2268,contents,2
2269,unswept,1
2270,stone,5
2271,besmeared,1
2272,sluttish,2
2273,statues,1
2274,overturn,1
2275,broils,1
2276,root,2
2277,masonry,2
2278,quick,9
2279,record,3
2280,oblivious,1
2281,enmity,1
2282,room,2
2283,posterity,1
2284,ending,1
2285,judgment,11
2286,arise,1
2287,dwell,7
2288,56,1
2289,blunter,1
2290,appetite,5
2291,feeding,5
2292,allayed,1
2293,morrow,11
2294,sharpened,1
2295,hungry,3
2296,perpetual,4
2297,dulness,1
2298,interim,1
2299,shore,3
2300,contracted,2
2301,banks,1
2302,welcome,13
2303,wished,1
2304,57,1
2305,slave,10
2306,require,1
2307,watch,3
2308,bitterness,3
2309,bid,9
2310,servant,11
2311,adieu,5
2312,jealous,1
2313,fool,24
2314,thinks,6
2315,58,1
2316,control,3
2317,crave,1
2318,vassal,4
2319,bound,10
2320,suffer,10
2321,beck,1
2322,tame,2
2323,sufferance,1
2324,bide,2
2325,check,5
2326,accusing,1
2327,privilage,1
2328,belong,4
2329,doing,5
2330,waiting,2
2331,hell,9
2332,59,1
2333,brains,3
2334,beguiled,1
2335,labouring,2
2336,amis,1
2337,second,83
2338,backward,4
2339,character,3
2340,composed,1
2341,mended,1
2342,revolution,2
2343,wits,2
2344,worse,12
2345,60,1
2346,waves,1
2347,pebbled,1
2348,hasten,2
2349,goes,11
2350,sequent,3
2351,forwards,1
2352,nativity,1
2353,crawls,1
2354,maturity,1
2355,wherewith,1
2356,confound,5
2357,transfix,1
2358,flourish,13
2359,delves,1
2360,parallels,2
2361,feeds,3
2362,rarities,1
2363,stands,10
2364,mow,1
2365,cruel,8
2366,61,1
2367,slumbers,1
2368,broken,3
2369,pry,1
2370,shames,3
2371,idle,6
2372,tenure,1
2373,jealousy,1
2374,watchman,1
2375,wake,1
2376,elsewhere,3
2377,near,10
2378,62,1
2379,possesseth,1
2380,remedy,6
2381,grounded,2
2382,define,1
2383,worths,1
2384,surmount,1
2385,beated,1
2386,chopt,1
2387,tanned,1
2388,antiquity,3
2389,contrary,3
2390,iniquity,1
2391,painting,6
2392,63,1
2393,crushed,1
2394,erworn,1
2395,drained,1
2396,wrinkles,6
2397,travelled,1
2398,steepy,1
2399,vanishing,1
2400,confounding,1
2401,knife,4
2402,cut,4
2403,64,1
2404,defaced,1
2405,cost,3
2406,outworn,2
2407,towers,1
2408,rased,1
2409,brass,4
2410,advantage,6
2411,firm,2
2412,soil,2
2413,watery,1
2414,increasing,2
2415,interchange,1
2416,confounded,1
2417,ruin,1
2418,taught,9
2419,ruminate,1
2420,fears,10
2421,65,1
2422,boundless,1
2423,ersways,1
2424,flower,7
2425,wrackful,1
2426,batt,1
2427,rocks,1
2428,impregnable,1
2429,stout,1
2430,gates,1
2431,steel,3
2432,decays,2
2433,meditation,1
2434,spoil,2
2435,miracle,1
2436,ink,4
2437,66,1
2438,restful,1
2439,cry,4
2440,beggar,5
2441,needy,1
2442,trimmed,1
2443,jollity,1
2444,purest,1
2445,faith,21
2446,unhappily,1
2447,forsworn,4
2448,shamefully,1
2449,misplaced,1
2450,rudely,1
2451,strumpeted,1
2452,wrongfully,1
2453,disgraced,1
2454,limping,1
2455,sway,4
2456,disabled,1
2457,tied,5
2458,authority,4
2459,doctor,2
2460,simple,8
2461,miscalled,1
2462,simplicity,1
2463,captive,2
2464,attending,2
2465,67,1
2466,infection,3
2467,impiety,1
2468,achieve,1
2469,lace,2
2470,society,1
2471,imitate,1
2472,seeming,5
2473,indirectly,1
2474,bankrupt,1
2475,beggared,1
2476,lively,2
2477,exchequer,1
2478,gains,1
2479,stores,1
2480,bad,11
2481,68,1
2482,map,2
2483,bastard,3
2484,signs,1
2485,durst,3
2486,inhabit,1
2487,tresses,1
2488,sepulchres,1
2489,shorn,1
2490,ere,21
2491,fleece,1
2492,gay,2
2493,robbing,1
2494,dress,2
2495,yore,1
2496,69,1
2497,mend,7
2498,tongues,4
2499,voice,3
2500,uttering,1
2501,commend,4
2502,accents,1
2503,seeing,6
2504,shown,4
2505,measure,6
2506,churls,1
2507,rank,5
2508,smell,8
2509,weeds,5
2510,matcheth,1
2511,70,1
2512,defect,3
2513,slander,3
2514,suspect,3
2515,crow,3
2516,flies,5
2517,wooed,1
2518,vice,2
2519,unstained,1
2520,passed,2
2521,ambush,3
2522,victor,1
2523,tie,4
2524,envy,2
2525,enlarged,1
2526,71,1
2527,mourn,4
2528,bell,1
2529,warning,1
2530,fled,4
2531,vile,5
2532,vilest,3
2533,worms,3
2534,nay,29
2535,remember,6
2536,thinking,4
2537,perhaps,1
2538,compounded,1
2539,clay,2
2540,wise,5
2541,72,1
2542,recite,1
2543,devise,2
2544,niggard,1
2545,willingly,1
2546,impart,1
2547,untrue,3
2548,shamed,1
2549,73,1
2550,yellow,2
2551,boughs,1
2552,ruined,2
2553,choirs,1
2554,late,8
2555,birds,3
2556,sang,1
2557,seest,2
2558,twilight,1
2559,sunset,1
2560,fadeth,1
2561,seals,1
2562,glowing,1
2563,ashes,1
2564,expire,2
2565,consumed,2
2566,nourished,1
2567,perceiv,1
2568,74,1
2569,arrest,1
2570,bail,4
2571,memorial,1
2572,reviewest,1
2573,review,1
2574,consecrate,1
2575,lost,18
2576,dregs,1
2577,coward,6
2578,contains,1
2579,remains,3
2580,75,1
2581,food,1
2582,seasoned,1
2583,showers,2
2584,strife,4
2585,miser,1
2586,enjoyer,1
2587,doubting,2
2588,filching,1
2589,counting,2
2590,bettered,1
2591,feasting,1
2592,clean,2
2593,starved,1
2594,possessing,2
2595,pursuing,1
2596,pine,3
2597,surfeit,2
2598,gluttoning,1
2599,76,1
2600,variation,1
2601,glance,2
2602,aside,7
2603,methods,1
2604,compounds,2
2605,weed,2
2606,showing,3
2607,always,3
2608,dressing,1
2609,spending,2
2610,already,8
2611,spent,6
2612,telling,2
2613,77,1
2614,vacant,1
2615,imprint,1
2616,learning,4
2617,mouthed,1
2618,graves,1
2619,shady,1
2620,stealth,1
2621,progress,2
2622,eternity,4
2623,commit,4
2624,blanks,1
2625,nursed,1
2626,delivered,1
2627,brain,6
2628,acquaintance,4
2629,offices,1
2630,profit,2
2631,enrich,1
2632,78,1
2633,invoked,1
2634,assistance,1
2635,alien,1
2636,got,11
2637,poesy,1
2638,disperse,1
2639,ignorance,4
2640,aloft,1
2641,added,2
2642,wing,3
2643,double,6
2644,compile,1
2645,works,12
2646,arts,1
2647,graced,1
2648,advance,1
2649,79,1
2650,decayed,2
2651,sick,13
2652,deserves,2
2653,travail,1
2654,worthier,1
2655,pays,7
2656,stole,3
2657,behaviour,1
2658,afford,2
2659,owes,5
2660,80,1
2661,knowing,8
2662,thereof,1
2663,spends,1
2664,proudest,1
2665,saucy,4
2666,bark,2
2667,inferior,2
2668,broad,3
2669,wilfully,1
2670,shallowest,1
2671,afloat,1
2672,soundless,1
2673,wrecked,1
2674,worthless,2
2675,boat,1
2676,tall,1
2677,goodly,6
2678,81,1
2679,forgotten,3
2680,immortal,2
2681,yield,3
2682,entombed,1
2683,monument,3
2684,breathers,1
2685,breathes,1
2686,mouths,1
2687,82,1
2688,married,9
2689,attaint,1
2690,erlook,1
2691,dedicated,1
2692,blessing,4
2693,finding,2
2694,limit,2
2695,enforced,1
2696,anew,4
2697,fresher,2
2698,stamp,1
2699,bettering,1
2700,strained,1
2701,rhetoric,1
2702,sympathized,1
2703,plain,4
2704,gross,3
2705,used,11
2706,cheeks,7
2707,abused,1
2708,83,1
2709,saw,15
2710,exceed,1
2711,debt,1
2712,slept,1
2713,extant,1
2714,modern,3
2715,quill,2
2716,silence,4
2717,impute,1
2718,impair,1
2719,84,1
2720,confine,1
2721,immured,1
2722,example,3
2723,equal,4
2724,lean,1
2725,penury,1
2726,small,3
2727,writes,3
2728,dignifies,1
2729,story,7
2730,counterpart,1
2731,admired,1
2732,blessings,2
2733,fond,5
2734,praises,5
2735,85,1
2736,comments,2
2737,richly,2
2738,compiled,1
2739,phrase,3
2740,muses,1
2741,filed,1
2742,unlettered,1
2743,clerk,1
2744,amen,4
2745,hymn,1
2746,able,6
2747,affords,2
2748,polished,1
2749,refined,1
2750,praised,3
2751,something,11
2752,hindmost,1
2753,86,1
2754,inhearse,1
2755,womb,2
2756,above,8
2757,pitch,1
2758,struck,2
2759,compeers,1
2760,giving,3
2761,astonished,1
2762,affable,1
2763,ghost,1
2764,gulls,1
2765,intelligence,4
2766,victors,1
2767,countenance,2
2768,enfeebled,1
2769,87,1
2770,farewell,22
2771,estimate,2
2772,releasing,1
2773,bonds,3
2774,determinate,1
2775,granting,1
2776,riches,2
2777,deserving,2
2778,patent,2
2779,swerving,1
2780,mistaking,1
2781,misprision,2
2782,dream,4
2783,waking,2
2784,88,1
2785,disposed,1
2786,weakness,2
2787,concealed,1
2788,attainted,1
2789,gainer,1
2790,bending,2
2791,injuries,2
2792,vantage,2
2793,89,1
2794,lameness,1
2795,halt,1
2796,desired,3
2797,strangle,1
2798,walks,2
2799,profane,1
2800,wronk,1
2801,vow,10
2802,90,1
2803,bent,4
2804,join,4
2805,scaped,1
2806,rearward,1
2807,conquered,1
2808,windy,1
2809,rainy,1
2810,linger,1
2811,purposed,1
2812,overthrow,1
2813,griefs,3
2814,onset,1
2815,strains,1
2816,compared,1
2817,91,1
2818,garments,4
2819,fangled,1
2820,hawks,2
2821,humour,2
2822,adjunct,2
2823,finds,5
2824,particulars,2
2825,prouder,1
2826,costs,1
2827,wretched,4
2828,wretchcd,1
2829,92,1
2830,term,1
2831,depends,3
2832,depend,1
2833,vex,4
2834,revolt,4
2835,93,1
2836,supposing,2
2837,deceived,3
2838,altered,2
2839,hatred,1
2840,moods,1
2841,frowns,1
2842,creation,3
2843,decree,1
2844,workings,1
2845,sweetness,2
2846,eve,1
2847,apple,1
2848,94,1
2849,hurt,5
2850,unmoved,1
2851,rightly,3
2852,inherit,3
2853,tibey,1
2854,owners,1
2855,stewards,1
2856,excellence,2
2857,outbraves,1
2858,dignity,2
2859,sourest,2
2860,lilies,1
2861,fester,1
2862,95,1
2863,fragrant,1
2864,spot,1
2865,budding,1
2866,enclose,1
2867,sport,7
2868,dispraise,1
2869,naming,2
2870,blesses,1
2871,mansion,2
2872,vices,1
2873,habitation,1
2874,chose,1
2875,privilege,3
2876,hardest,1
2877,96,1
2878,wantonness,1
2879,mak,2
2880,resort,1
2881,finger,7
2882,throned,2
2883,esteemed,3
2884,errors,4
2885,truths,3
2886,translated,1
2887,deemed,2
2888,lambs,1
2889,stern,2
2890,wolf,1
2891,betray,6
2892,lamb,1
2893,translate,1
2894,gazers,1
2895,97,1
2896,fleeting,2
2897,freezings,1
2898,felt,3
2899,december,1
2900,bareness,2
2901,everywhere,2
2902,teeming,1
2903,autumn,2
2904,big,2
2905,wanton,3
2906,burden,2
2907,widowed,1
2908,wombs,1
2909,abundant,1
2910,seemed,3
2911,orphans,1
2912,unfathered,2
2913,pleasures,1
2914,cheer,2
2915,dreading,1
2916,98,1
2917,pied,1
2918,dressed,1
2919,trim,1
2920,saturn,1
2921,laughed,1
2922,leaped,1
2923,lays,5
2924,different,1
2925,lap,2
2926,lily,2
2927,vermilion,1
2928,figures,1
2929,99,1
2930,forward,3
2931,smells,1
2932,purple,2
2933,soft,6
2934,dwells,1
2935,grossly,2
2936,dyed,2
2937,condemned,1
2938,marjoram,2
2939,hair,3
2940,fearfully,1
2941,blushing,2
2942,despair,5
2943,red,8
2944,annexed,1
2945,theft,2
2946,growth,3
2947,vengeful,1
2948,colour,10
2949,100,1
2950,fury,1
2951,darkening,1
2952,forgetful,1
2953,redeem,1
2954,ear,10
2955,esteem,4
2956,resty,1
2957,wrinkle,1
2958,graven,1
2959,satire,1
2960,spoils,1
2961,faster,2
2962,prevent,2
2963,101,1
2964,truant,1
2965,amends,1
2966,neglect,2
2967,dignified,2
2968,intermixed,1
2969,ages,1
2970,office,9
2971,102,1
2972,strengthened,1
2973,merchandized,1
2974,esteeming,1
2975,owner,2
2976,publish,2
2977,wont,1
2978,philomel,1
2979,front,3
2980,stops,1
2981,pipe,1
2982,riper,1
2983,mournful,1
2984,hush,6
2985,wild,3
2986,burthens,1
2987,bough,1
2988,103,1
2989,appears,2
2990,dulling,1
2991,sinful,5
2992,striving,1
2993,mar,1
2994,verses,1
2995,gifts,2
2996,104,1
2997,three,17
2998,winters,1
2999,forests,1
3000,summers,1
3001,springs,1
3002,turned,2
3003,process,3
3004,perfumes,2
3005,junes,1
3006,burned,1
3007,unbred,1
3008,105,1
3009,idolatry,1
3010,idol,1
3011,alike,5
3012,songs,2
3013,wondrous,4
3014,constancy,4
3015,expressing,1
3016,difference,4
3017,varying,2
3018,themes,1
3019,106,1
3020,wasted,1
3021,descriptions,1
3022,fairest,4
3023,wights,1
3024,beautiful,1
3025,ladies,2
3026,blazon,1
3027,lip,4
3028,prophecies,1
3029,prefiguring,1
3030,looked,2
3031,divining,1
3032,107,1
3033,prophetic,1
3034,dreaming,1
3035,forfeit,4
3036,eclipse,1
3037,endured,1
3038,augurs,1
3039,presage,1
3040,incertainties,1
3041,proclaims,1
3042,olives,1
3043,endless,2
3044,balmy,1
3045,subscribes,1
3046,insults,1
3047,speechless,1
3048,tribes,1
3049,tyrants,1
3050,crests,1
3051,tombs,1
3052,108,1
3053,figured,1
3054,register,1
3055,express,6
3056,boy,10
3057,prayers,8
3058,divine,3
3059,hallowed,1
3060,weighs,2
3061,necessary,1
3062,aye,1
3063,page,5
3064,bred,2
3065,109,1
3066,flame,4
3067,qualify,1
3068,easy,4
3069,depart,1
3070,ranged,1
3071,travels,1
3072,just,10
3073,exchanged,1
3074,reigned,1
3075,frailties,2
3076,besiege,2
3077,kinds,1
3078,preposterously,1
3079,stained,1
3080,universe,1
3081,110,1
3082,alas,4
3083,motley,1
3084,gored,1
3085,sold,2
3086,cheap,1
3087,offences,2
3088,affections,3
3089,askance,1
3090,blenches,1
3091,essays,1
3092,proved,3
3093,grind,1
3094,newer,2
3095,proof,3
3096,try,6
3097,older,1
3098,next,8
3099,111,1
3100,guilty,5
3101,goddess,6
3102,harmful,1
3103,provide,3
3104,breeds,3
3105,receives,3
3106,brand,5
3107,dyer,1
3108,pity,18
3109,renewed,1
3110,willing,1
3111,patient,5
3112,potions,2
3113,eisel,1
3114,bitter,5
3115,penance,1
3116,correction,1
3117,assure,4
3118,cure,11
3119,112,1
3120,impression,2
3121,scandal,1
3122,stamped,1
3123,strive,8
3124,steeled,1
3125,changes,1
3126,profound,1
3127,abysm,1
3128,throw,5
3129,voices,1
3130,adder,1
3131,critic,1
3132,flatterer,1
3133,stopped,1
3134,dispense,1
3135,113,1
3136,governs,1
3137,about,10
3138,function,1
3139,partly,1
3140,effectually,1
3141,delivers,3
3142,bird,1
3143,latch,1
3144,objects,2
3145,vision,1
3146,rud,1
3147,gentlest,1
3148,deformed,1
3149,creature,7
3150,dove,1
3151,shapes,1
3152,feature,1
3153,incapable,1
3154,maketh,1
3155,114,1
3156,monarch,3
3157,plague,6
3158,saith,1
3159,monsters,2
3160,indigest,1
3161,cherubins,1
3162,resemble,1
3163,creating,2
3164,beams,2
3165,assemble,2
3166,drinks,2
3167,gust,1
3168,greeing,1
3169,palate,3
3170,poisoned,2
3171,lesser,2
3172,115,1
3173,knew,13
3174,afterwards,1
3175,reckoning,1
3176,millioned,1
3177,accidents,1
3178,creep,1
3179,vows,7
3180,decrees,2
3181,tan,1
3182,intents,5
3183,divert,1
3184,minds,4
3185,alt,1
3186,fearing,3
3187,tyranny,2
3188,incertainty,1
3189,crowning,1
3190,116,1
3191,impediments,2
3192,alters,2
3193,alteration,1
3194,bends,2
3195,remover,1
3196,tempests,2
3197,shaken,2
3198,unknown,4
3199,rosy,1
3200,lips,8
3201,sickle,1
3202,compass,1
3203,weeks,1
3204,error,2
3205,117,1
3206,accuse,3
3207,scanted,1
3208,repay,1
3209,whereto,3
3210,frequent,1
3211,purchased,1
3212,hoisted,1
3213,transport,1
3214,surmise,1
3215,accumulate,1
3216,level,4
3217,shoot,2
3218,wakened,1
3219,118,1
3220,eager,1
3221,urge,4
3222,maladies,2
3223,sicken,1
3224,shun,2
3225,sickness,5
3226,purge,2
3227,cloying,1
3228,sauces,1
3229,welfare,1
3230,meetness,1
3231,diseased,1
3232,needing,1
3233,anticipate,1
3234,ills,4
3235,medicine,3
3236,healthful,3
3237,goodness,7
3238,cured,1
3239,lesson,1
3240,drugs,1
3241,poison,4
3242,feil,1
3243,119,1
3244,drunk,4
3245,siren,1
3246,distilled,1
3247,limbecks,1
3248,foul,10
3249,applying,1
3250,hopes,4
3251,committed,1
3252,spheres,1
3253,fitted,1
3254,distraction,1
3255,madding,2
3256,fever,2
3257,built,2
3258,rebuked,1
3259,content,5
3260,120,1
3261,unkind,3
3262,befriends,1
3263,transgression,1
3264,nerves,1
3265,hammered,1
3266,unkindness,4
3268,weigh,5
3269,suffered,1
3270,deepest,1
3271,hard,4
3272,hits,3
3273,tendered,1
3274,wounded,1
3275,bosoms,1
3276,fits,4
3277,becomes,6
3278,fee,4
3279,ransoms,1
3280,121,1
3281,reproach,1
3282,feeling,2
3283,adulterate,1
3284,salutation,1
3285,sportive,2
3286,frailer,1
3287,spies,1
3288,wills,2
3289,abuses,1
3290,reckon,3
3291,bevel,1
3292,badness,1
3293,122,1
3294,tables,2
3295,charactered,1
3296,lasting,1
3297,subsist,1
3298,oblivion,4
3299,missed,1
3300,retention,1
3301,tallies,1
3302,score,2
3303,bold,6
3304,receive,7
3305,import,3
3306,forgetfulness,1
3307,123,1
3308,pyramids,1
3309,novel,1
3310,dressings,1
3311,dates,1
3312,admire,1
3313,foist,1
3314,heard,10
3315,registers,1
3316,defy,2
3317,wond,2
3318,records,1
3319,124,1
3320,gathered,1
3321,builded,1
3322,accident,1
3323,suffers,1
3324,pomp,2
3325,falls,3
3326,blow,3
3327,thralled,1
3328,discontent,2
3329,inviting,1
3330,heretic,1
3331,leases,1
3332,numbered,1
3333,hugely,1
3334,politic,3
3335,drowns,1
3336,fools,1
3337,125,1
3338,bore,2
3339,extern,1
3340,honouring,1
3341,bases,1
3342,ruining,1
3343,dwellers,1
3344,paying,1
3345,rent,1
3346,compound,1
3347,forgoing,1
3348,pitiful,2
3349,thrivers,1
3350,gazing,1
3351,oblation,1
3352,free,7
3353,mixed,1
3354,seconds,1
3355,mutual,2
3356,suborned,1
3357,informer,1
3358,impeached,1
3359,126,1
3360,fickle,2
3361,waning,1
3362,withering,1
3363,wrack,1
3364,goest,1
3365,onwards,1
3366,minion,1
3367,detain,2
3368,delayed,1
3369,answered,1
3370,quietus,1
3371,127,1
3372,counted,1
3373,successive,1
3374,slandered,1
3375,fairing,1
3376,borrowed,2
3377,bower,1
3378,profaned,2
3379,raven,1
3380,suited,2
3381,mourners,2
3382,slandering,1
3383,becoming,2
3384,128,1
3385,wood,3
3386,sounds,1
3387,fingers,3
3388,wiry,1
3389,concord,2
3390,confounds,1
3391,jacks,2
3392,kiss,8
3393,harvest,1
3394,reap,2
3395,boldness,3
3396,tickled,1
3397,situation,1
3398,dancing,2
3399,chips,1
3400,walk,2
3401,gait,2
3402,129,1
3403,lust,7
3404,perjured,3
3405,savage,1
3406,extreme,3
3407,enjoyed,1
3408,hunted,1
3409,hated,2
3410,swallowed,1
3411,bait,1
3412,taker,1
3413,mad,9
3414,pursuit,3
3415,bliss,2
3416,proposed,1
3417,leads,3
3418,130,1
3419,coral,1
3420,snow,3
3421,breasts,1
3422,dun,1
3423,hairs,1
3424,wires,2
3425,damasked,1
3426,reeks,1
3427,pleasing,1
3428,sound,7
3429,treads,1
3430,belied,2
3431,131,1
3432,tyrannous,1
3433,proudly,1
3434,err,3
3435,swear,17
3436,groans,2
3437,neck,1
3438,proceeds,2
3439,132,1
3440,pitying,1
3441,ruth,1
3442,grey,1
3443,east,2
3444,ushers,1
3445,sober,1
3446,beseem,1
3447,suit,7
3448,133,1
3449,beshrew,1
3450,slavery,1
3451,harder,1
3452,engrossed,1
3453,forsaken,1
3454,fold,1
3455,crossed,1
3456,prison,3
3457,ward,2
3458,whoe,1
3459,rigour,1
3460,gaol,1
3461,pent,1
3462,perforce,1
3463,134,1
3464,confessed,1
3465,mortgaged,1
3466,restore,1
3467,covetous,1
3468,surety,4
3469,bond,3
3470,fist,1
3471,bind,4
3472,statute,1
3473,usurer,1
3474,sue,2
3475,debtor,1
3476,whole,6
3477,135,1
3478,whoever,4
3479,plus,1
3480,spacious,2
3481,addeth,1
3482,beseechers,1
3483,136,1
3484,admitted,3
3485,fulfil,2
3486,receipt,2
3487,reckoned,1
3488,untold,1
3489,137,1
3490,partial,1
3491,anchored,1
3492,bay,2
3493,forged,1
3494,hooks,1
3495,plot,3
3496,erred,1
3497,transferred,1
3498,138,1
3499,swears,2
3500,untutored,1
3501,unlearned,2
3502,subtleties,1
3503,vainly,3
3504,simply,3
3505,credit,7
3506,sides,4
3507,suppressed,1
3508,unjust,2
3509,habit,1
3510,flattered,1
3511,139,1
3512,justify,1
3513,slay,2
3514,erpressed,1
3515,dart,1
3516,outright,1
3517,rid,1
3518,140,1
3519,press,1
3520,manner,3
3521,testy,1
3522,news,11
3523,physicians,3
3524,madness,2
3525,wresting,1
3526,slanderers,1
3527,believed,2
3528,141,1
3529,despise,2
3530,pleased,1
3531,dote,3
3532,cars,1
3533,tune,2
3534,delighted,1
3535,prone,1
3536,invited,2
3537,senses,2
3538,dissuade,3
3539,foolish,3
3540,serving,2
3541,unswayed,1
3542,likeness,1
3543,awards,1
3544,142,1
3545,merits,2
3546,reproving,1
3547,scarlet,1
3548,ornaments,1
3549,sealed,1
3550,robbed,1
3551,beds,1
3552,revenues,1
3553,rents,1
3554,woo,3
3555,importune,1
3556,deserve,4
3557,pitied,2
3558,denied,4
3559,143,1
3560,huswife,1
3561,feathered,1
3562,dispatch,6
3563,neglected,2
3564,chase,3
3565,busy,1
3566,prizing,1
3567,infant,1
3568,afar,3
3569,loud,4
3570,crying,2
3571,144,1
3572,suggest,2
3573,worser,2
3574,coloured,1
3575,tempteth,1
3576,saint,6
3577,devil,7
3578,wooing,2
3579,purity,1
3580,fiend,2
3581,directly,1
3582,145,1
3583,breathed,1
3584,languished,1
3585,woeful,1
3586,mercy,5
3587,chiding,1
3588,followed,3
3589,flown,2
3590,threw,3
3591,saved,2
3592,146,1
3593,rebel,2
3594,array,1
3595,dearth,1
3596,costly,1
3597,inheritors,1
3598,excess,2
3599,aggravate,1
3600,buy,7
3601,terms,3
3602,selling,1
3603,dross,1
3604,fed,3
3605,feed,4
3606,dying,2
3607,147,1
3608,longing,2
3609,nurseth,1
3610,disease,3
3611,preserve,2
3612,uncertain,2
3613,sickly,2
3614,physician,4
3615,angry,2
3616,prescriptions,2
3617,desperate,5
3618,except,2
3619,frantic,1
3620,unrest,1
3621,random,1
3622,sworn,8
3623,148,1
3624,correspondence,1
3625,censures,1
3626,falsely,2
3627,aright,1
3628,denote,1
3629,vexed,1
3630,watching,1
3631,marvel,3
3632,mistake,2
3633,sees,2
3634,clears,1
3635,149,1
3636,partake,1
3637,hateth,1
3638,fawn,1
3639,lour,1
3640,revenge,2
3641,service,24
3642,worship,2
3643,commanded,3
3644,150,1
3645,insufficiency,1
3646,brightness,1
3647,refuse,1
3648,warrantise,1
3649,exceeds,1
3650,abhor,2
3651,unworthiness,2
3652,raised,1
3653,151,1
3654,cheater,1
3655,betraying,1
3656,nobler,2
3657,treason,2
3658,stays,2
3659,rising,1
3660,drudge,2
3661,152,1
3662,swearing,3
3663,torn,1
3664,vowing,1
3665,oaths,12
3666,misuse,1
3667,honest,12
3668,enlighten,1
3669,blindness,1
3670,153,1
3671,cupid,4
3672,asleep,2
3673,maid,22
3674,dian,5
3675,kindling,1
3676,quickly,8
3677,steep,1
3678,valley,1
3679,fountain,1
3680,endure,3
3681,seeting,1
3682,bath,4
3683,fired,1
3684,trial,3
3685,touch,8
3686,thither,5
3687,hied,1
3688,distempered,2
3689,154,1
3690,lying,3
3691,inflaming,1
3692,nymphs,1
3693,vowed,1
3694,chaste,2
3695,tripping,1
3696,votary,1
3697,legions,1
3698,warmed,1
3699,virgin,7
3700,disarmed,1
3701,quenched,1
3702,cool,4
3703,discased,1
3704,thrall,1
3705,heats,1
3706,cools,1
3707,electronic,16
3708,version,8
3709,complete,8
3710,william,9
3711,shakespeare,9
3712,copyright,8
3713,1990,8
3714,1993,8
3715,library,8
3716,inc,8
3717,provided,8
3718,project,9
3719,gutenberg,8
3720,etext,8
3721,illinois,8
3722,benedictine,8
3723,college,9
3724,permission,8
3725,machine,8
3726,readable,8
3727,copies,16
3728,distributed,16
3729,1,13
3730,personal,8
3731,2,13
3732,commercially,8
3733,prohibited,8
3734,commercial,8
3735,distribution,8
3736,includes,8
3737,charges,9
3738,download,8
3739,membership,8
3740,1603,1
3741,alls,1
3742,ends,4
3743,dramatis,1
3744,personae,1
3745,florence,21
3746,bertram,136
3747,rousillon,28
3748,lafeu,118
3749,parolles,175
3750,follower,1
3751,steward,10
3752,countess,100
3753,lavache,2
3754,clown,67
3755,helena,125
3756,gentlewoman,8
3757,protected,1
3758,diana,59
3759,violenta,2
3760,mariana,7
3761,etc,2
3762,florentine,9
3763,paris,11
3764,marseilles,4
3765,bury,2
3766,madam,54
3767,command,8
3768,subjection,1
3769,sir,116
3770,stir,2
3771,wanted,2
3772,amendment,1
3773,abandon,1
3774,practices,1
3775,persecuted,1
3776,passage,1
3777,honesty,11
3778,stretch,3
3779,famous,2
3780,profession,3
3781,gerard,3
3782,de,3
3783,narbon,3
3784,spoke,14
3785,admiringly,2
3786,mourningly,1
3787,skilful,1
3788,liv,2
3789,languishes,1
3790,fistula,1
3791,notorious,2
3792,bequeathed,3
3793,overlooking,1
3794,education,1
3795,promises,3
3796,dispositions,1
3797,inherits,1
3798,unclean,2
3799,carries,3
3800,qualities,4
3801,commendations,3
3802,virtues,4
3803,traitors,3
3804,simpleness,1
3805,derives,1
3806,achieves,1
3807,brine,1
3808,season,2
3809,approaches,4
3810,livelihood,1
3811,affect,2
3812,moderate,1
3813,lamentation,1
3814,excessive,1
3815,enemy,8
3816,wishes,6
3817,empire,4
3818,birthright,1
3819,tax,4
3820,speech,9
3821,furnish,3
3822,unseason,1
3823,courtier,7
3824,advise,3
3825,bless,8
3826,forg,1
3827,servants,2
3828,comfortable,1
3829,shed,2
3830,imagination,1
3831,undone,5
3832,twere,6
3833,particular,6
3834,wed,3
3835,radiance,1
3836,collateral,1
3837,comforted,1
3838,sphere,1
3839,ambition,2
3840,hind,1
3841,mated,1
3842,twas,7
3843,arched,1
3844,brows,3
3845,hawking,1
3846,capable,2
3847,trick,2
3848,idolatrous,1
3849,fancy,6
3850,sanctify,2
3851,relics,2
3852,liar,4
3853,solely,1
3854,fix,2
3855,evils,2
3856,fit,7
3857,steely,1
3858,bleak,1
3859,superfluous,1
3860,meditating,1
3861,virginity,19
3862,soldier,55
3863,ask,15
3864,barricado,1
3865,assails,1
3866,resistance,1
3867,undermine,1
3868,underminers,1
3869,blowers,1
3870,military,1
3871,virgins,3
3872,blown,2
3873,quicklier,1
3874,marry,25
3875,blowing,1
3876,city,3
3877,rational,1
3878,metal,2
3879,companion,5
3880,infallible,1
3881,disobedience,1
3882,hangs,1
3883,murders,1
3884,highways,1
3885,sanctified,2
3886,offendress,1
3887,mites,1
3888,cheese,1
3889,consumes,1
3890,paring,1
3891,stomach,4
3892,peevish,1
3893,inhibited,1
3894,canon,1
3895,principal,1
3896,liking,3
3897,likes,2
3898,commodity,1
3899,gloss,1
3900,vendible,1
3901,request,1
3902,wears,3
3903,cap,4
3904,unsuitable,1
3905,brooch,1
3906,toothpick,1
3907,pie,1
3908,porridge,1
3909,wither,4
3910,pears,1
3911,eats,1
3912,drily,1
3913,pear,2
3914,formerly,1
3915,anything,5
3916,guide,1
3917,counsellor,1
3918,traitress,1
3919,humility,3
3920,jarring,1
3921,discord,1
3922,dulcet,1
3923,disaster,4
3924,adoptious,1
3925,christendoms,1
3926,blinking,1
3927,gossips,1
3928,court,18
3929,poorer,3
3930,shut,3
3931,effects,2
3932,returns,1
3933,monsieur,12
3934,charitable,1
3935,especially,3
3936,predominant,1
3937,retrograde,1
3938,running,1
3939,proposes,1
3940,safety,1
3941,valour,5
3942,acutely,1
3943,instruction,1
3944,serve,23
3945,naturalize,1
3946,counsel,3
3947,advice,4
3948,diest,2
3949,unthankfulness,1
3950,uses,2
3951,remedies,1
3952,ourselves,14
3953,ascribe,1
3954,fated,2
3955,pull,2
3956,designs,2
3957,mounts,1
3958,mightiest,1
3959,impossible,1
3960,attempts,1
3961,strove,1
3962,miss,2
3963,cornets,2
3964,letters,12
3965,florentines,2
3966,senoys,1
3967,fought,3
3968,continue,2
3969,braving,1
3970,reported,4
3971,credible,1
3972,certainty,3
3973,vouch,2
3974,austria,1
3975,caution,1
3976,speedy,1
3977,prejudicates,1
3978,denial,1
3979,approv,2
3980,amplest,1
3981,credence,2
3982,gentlemen,8
3983,tuscan,2
3984,nursery,1
3985,gentry,1
3986,breathing,2
3987,exploit,3
3988,compos,2
3989,moral,1
3990,soundness,1
3991,myself,19
3992,friendship,2
3993,tried,1
3994,soldiership,3
3995,discipled,1
3996,bravest,2
3997,lasted,1
3998,haggish,1
3999,wore,2
4000,repairs,1
4001,observe,3
4002,unnoted,1
4003,levity,1
4004,contempt,5
4005,sharpness,1
4006,awak,2
4007,minute,2
4008,exception,1
4009,obey,3
4010,below,2
4011,eminent,1
4012,humbled,1
4013,younger,4
4014,demonstrate,1
4015,goers,2
4016,approof,2
4017,plausive,2
4018,scatter,1
4019,grafted,1
4020,began,1
4021,catastrophe,1
4022,heel,3
4023,pastime,1
4024,quoth,4
4025,lacks,1
4026,oil,2
4027,snuff,1
4028,apprehensive,1
4029,judgments,2
4030,mere,3
4031,fathers,1
4032,constancies,1
4033,fashions,1
4034,wax,1
4035,dissolved,1
4036,hive,1
4037,labourers,1
4038,fam,1
4039,months,2
4040,worn,5
4041,applications,1
4042,3,5
4043,calendar,1
4044,endeavours,2
4045,modesty,3
4046,clearness,1
4047,deservings,1
4048,does,30
4049,knave,28
4050,sirrah,8
4051,complaints,1
4052,slowness,1
4053,ability,1
4054,knaveries,1
4055,fellow,10
4056,damn,5
4057,ladyship,2
4058,isbel,3
4059,beg,5
4060,heritage,1
4061,bames,1
4062,requires,3
4063,driven,1
4064,drives,2
4065,wicked,2
4066,wickedness,2
4067,knaves,3
4068,aweary,2
4069,spares,1
4070,team,1
4071,crop,1
4072,cuckold,4
4073,comforts,2
4074,cherisher,1
4075,cherishes,1
4076,ergo,1
4077,kisses,2
4078,charbon,1
4079,puritan,2
4080,poysam,1
4081,papist,1
4082,howsome,1
4083,sever,1
4084,religion,1
4085,heads,1
4086,jowl,1
4087,horns,2
4088,deer,1
4089,calumnious,1
4090,prophet,1
4091,ballad,2
4092,repeat,1
4093,destiny,1
4094,cuckoo,1
4095,grecians,1
4096,sacked,1
4097,troy,1
4098,priam,1
4099,sighed,2
4100,sentence,2
4101,purifying,1
4102,tithe,1
4103,parson,1
4104,blazing,1
4105,earthquake,1
4106,lottery,2
4107,surplice,1
4108,gown,1
4109,forsooth,1
4110,hither,7
4111,entirely,1
4112,bequeath,2
4113,lawfully,1
4114,owing,1
4115,demand,11
4116,communicate,1
4117,stranger,2
4118,estates,1
4119,extend,2
4120,knight,1
4121,surpris,1
4122,rescue,1
4123,assault,2
4124,afterward,1
4125,deliver,5
4127,exclaim,1
4128,speedily,2
4129,acquaint,3
4130,sithence,1
4131,happen,2
4132,concerns,2
4133,discharg,1
4134,honestly,1
4135,likelihoods,1
4136,inform,7
4137,tott,1
4138,balance,2
4139,misdoubt,2
4140,stall,1
4141,further,16
4142,thorn,1
4143,impress,1
4144,remembrances,1
4145,honourable,7
4146,methought,2
4147,serpent,3
4148,start,2
4149,catalogue,1
4150,enwombed,1
4151,adoption,1
4152,strives,2
4153,choice,6
4154,slip,1
4155,foreign,1
4156,seeds,1
4157,oppress,1
4158,curd,1
4159,messenger,20
4160,iris,1
4161,rounds,1
4162,honoured,1
4163,parents,1
4164,sister,4
4165,yes,9
4166,shield,1
4167,pulse,1
4168,fondness,1
4169,myst,1
4170,loneliness,1
4171,asham,1
4172,proclamation,1
4173,behaviours,1
4174,hellish,1
4175,obstinacy,1
4176,suspected,2
4177,clew,1
4178,forswear,1
4179,howe,4
4180,avail,1
4181,disclose,1
4182,affection,1
4183,passions,2
4184,appeach,1
4185,knee,1
4186,offended,3
4187,hurts,2
4188,token,4
4189,presumptuous,1
4190,captious,1
4191,intenible,1
4192,sieve,1
4193,waters,2
4194,indian,1
4195,adore,1
4196,worshipper,1
4197,encounter,4
4198,aged,1
4199,cites,1
4200,chastely,2
4201,seeks,2
4202,search,3
4203,implies,1
4204,riddle,2
4205,intent,2
4206,prov,2
4207,manifest,1
4208,experience,4
4209,sovereignty,1
4210,heedfull,1
4211,reservation,2
4212,notes,1
4213,faculties,1
4214,inclusive,1
4215,amongst,1
4216,languishings,1
4217,motive,3
4218,conversation,1
4219,schools,1
4220,embowell,1
4221,doctrine,1
4222,danger,8
4223,legacy,2
4224,luckiest,1
4225,success,6
4226,knowingly,1
4227,greetings,1
4228,attempt,3
4229,taking,3
4230,principles,1
4231,receiv,3
4232,ent,1
4233,malady,2
4234,frenchmen,2
4235,higher,4
4236,italy,6
4237,bated,1
4238,monarchy,1
4239,questant,1
4240,shrinks,1
4241,aloud,1
4242,bidding,3
4243,girls,1
4244,language,5
4245,beware,2
4246,captives,1
4247,warnings,1
4248,retires,1
4249,attended,2
4250,spark,1
4251,admirable,1
4252,coil,1
4253,bravely,5
4254,forehorse,1
4255,smock,2
4256,creaking,1
4257,shoes,1
4258,bought,3
4259,dance,2
4260,parting,2
4261,tortur,1
4262,heroes,1
4263,kin,1
4264,sparks,1
4265,lustrous,1
4266,metals,1
4267,regiment,2
4268,spinii,1
4269,spurio,2
4270,cicatrice,1
4271,emblem,1
4272,sinister,1
4273,entrench,1
4274,reports,6
4275,novices,1
4276,restrain,1
4277,expressive,1
4278,muster,2
4279,dilated,1
4280,fellows,3
4281,sinewy,1
4282,kneeling,1
4283,tidings,1
4284,has,31
4285,kneel,2
4286,pate,1
4287,across,1
4288,cur,1
4289,infirmity,1
4290,grapes,2
4291,fox,3
4292,reach,1
4293,quicken,1
4294,rock,1
4295,canary,1
4296,spritely,1
4297,araise,1
4298,arriv,1
4299,seriously,2
4300,deliverance,2
4301,sex,1
4302,amaz,1
4303,admiration,1
4304,prologues,1
4305,traitor,1
4306,cressid,1
4307,profess,2
4308,spare,5
4309,receipts,1
4310,chiefly,2
4311,practice,2
4312,bade,2
4313,triple,2
4314,safer,1
4315,malignant,1
4316,appliance,1
4317,humbleness,1
4318,credulous,1
4319,doctors,1
4320,congregated,1
4321,concluded,2
4322,inaidable,1
4323,estate,3
4324,prostitute,1
4325,empirics,1
4326,dissever,1
4327,senseless,1
4328,enforce,3
4329,humbly,5
4330,entreating,1
4331,modest,1
4332,grateful,1
4333,peril,1
4334,finisher,1
4335,weakest,1
4336,minister,2
4337,babes,2
4338,judges,1
4339,sources,1
4340,seas,1
4341,dried,1
4342,expectation,1
4343,fails,1
4344,coldest,1
4345,proffers,1
4346,reward,1
4347,inspired,1
4348,barr,1
4349,square,3
4350,presumption,1
4351,experiment,1
4352,impostor,1
4353,proclaim,1
4354,confident,1
4355,hop,2
4356,lending,1
4357,torcher,1
4358,diurnal,1
4359,murk,1
4360,occidental,1
4361,damp,1
4362,moist,1
4363,hesperus,1
4364,quench,1
4365,sleepy,1
4366,lamp,1
4367,pilot,1
4368,infirm,1
4369,confidence,1
4370,dar,1
4371,impudence,1
4372,strumpet,3
4373,divulged,1
4374,traduc,1
4375,odious,1
4376,ballads,1
4377,sear,1
4378,otherwise,2
4379,extended,3
4380,ended,4
4381,organ,1
4382,impossibility,2
4383,saves,1
4384,rate,5
4385,happiness,2
4386,intimate,1
4387,infinite,5
4388,monstrous,3
4389,practiser,1
4390,ministers,1
4391,flinch,1
4392,property,3
4393,unpitied,2
4394,helping,1
4395,sceptre,1
4396,exempted,1
4397,arrogance,1
4398,propagate,1
4399,branch,1
4400,premises,1
4401,observ,1
4402,performance,1
4403,serv,1
4404,resolv,2
4405,rely,1
4406,cam,1
4407,tended,2
4408,unquestion,1
4409,undoubted,1
4410,ho,3
4411,deed,7
4412,breeding,3
4413,highly,1
4414,lowly,1
4415,lent,3
4416,easily,1
4417,leg,2
4418,precisely,1
4419,bountiful,1
4420,questions,4
4421,barber,2
4422,chair,1
4423,buttocks,1
4424,pin,1
4425,buttock,4
4426,quatch,1
4427,brawn,1
4428,groats,1
4429,attorney,1
4430,taffety,1
4431,punk,1
4432,tib,1
4433,rush,1
4434,tom,2
4435,forefinger,1
4436,pancake,1
4437,shrove,1
4438,tuesday,1
4439,morris,1
4440,mayday,1
4441,nail,1
4442,hole,2
4443,horn,1
4444,scolding,1
4445,quean,1
4446,wrangling,2
4447,nun,1
4448,friar,2
4449,pudding,1
4450,skin,1
4451,fitness,1
4452,beneath,1
4453,constable,1
4454,size,1
4455,demands,1
4456,hoping,1
4457,wiser,3
4458,putting,1
4459,thick,3
4460,homely,2
4461,meat,1
4462,warrant,2
4463,whipping,3
4464,housewife,1
4465,merrily,1
4466,serves,3
4467,kinsmen,1
4468,commendation,1
4469,fruitfully,1
4470,legs,1
4471,philosophical,1
4472,persons,2
4473,supernatural,1
4474,causeless,1
4475,terrors,1
4476,ensconcing,1
4477,submit,2
4478,rarest,1
4479,shot,2
4480,latter,2
4481,relinquish,1
4482,artists,1
4483,galen,1
4484,paracelsus,1
4485,authentic,1
4486,incurable,1
4487,assur,1
4488,novelty,1
4489,dolphin,1
4490,lustier,1
4491,tedious,1
4492,facinerious,1
4493,debile,1
4494,transcendence,1
4495,recov,1
4496,thankful,4
4497,lustig,1
4498,dutchman,1
4499,tooth,1
4500,coranto,1
4501,mort,1
4502,du,1
4503,vinaigre,1
4504,attendant,4
4505,preserver,1
4506,banish,1
4507,repeal,1
4508,confirmation,1
4509,promis,3
4510,attends,1
4511,parcel,1
4512,bachelors,1
4513,bestowing,2
4514,election,1
4515,curtal,1
4516,furniture,1
4517,boys,8
4518,peruse,1
4519,restor,2
4520,wealthiest,1
4521,protest,3
4522,blushes,3
4523,whisper,2
4524,refused,1
4525,shuns,2
4526,altar,1
4527,stream,3
4528,ames,1
4529,ace,1
4530,flames,1
4531,threat,1
4532,ningly,1
4533,replies,1
4534,fortunes,7
4535,whipt,4
4536,turk,1
4537,eunuchs,2
4538,afraid,2
4539,ice,1
4540,bastards,1
4541,em,5
4542,fourth,1
4543,grape,1
4544,wine,2
4545,ass,2
4546,fourteen,1
4547,guiding,1
4548,beseech,13
4549,rais,1
4550,raising,1
4551,build,1
4552,bloods,1
4553,distinction,3
4554,differences,1
4555,dislik,2
4556,lowest,1
4557,doer,1
4558,additions,1
4559,swell,2
4560,dropsied,1
4561,vileness,1
4562,immediate,2
4563,challenges,1
4564,sire,1
4565,honours,2
4566,debauch,2
4567,trophy,1
4568,create,1
4569,dower,3
4571,stake,1
4572,scornful,2
4573,shackle,1
4574,poising,1
4575,defective,1
4576,scale,1
4577,beam,1
4578,plant,1
4579,travails,1
4580,presently,5
4581,obedient,2
4582,claims,4
4583,staggers,1
4584,careless,1
4585,lapse,1
4586,loosing,1
4587,dole,1
4588,ennobled,1
4589,counterpoise,1
4590,smile,1
4591,contract,1
4592,expedient,1
4593,perform,2
4594,expecting,1
4595,commenting,1
4596,wedding,1
4597,recantation,2
4598,understood,2
4599,counts,1
4600,satisfy,2
4601,ordinaries,1
4602,tolerable,1
4603,vent,1
4604,scarfs,2
4605,bannerets,1
4606,manifoldly,1
4607,believing,1
4608,vessel,2
4609,rt,1
4610,scarce,4
4611,plunge,1
4612,hen,1
4613,window,3
4614,lattice,1
4615,casement,3
4616,egregious,1
4617,indignity,1
4618,ev,3
4619,dram,1
4620,bate,1
4621,scruple,1
4622,smack,2
4623,scarf,3
4624,bondage,2
4625,default,1
4626,insupportable,1
4627,vexation,1
4628,scurvy,3
4629,filthy,2
4630,fettering,1
4631,beat,5
4632,convenience,2
4633,unfeignedly,1
4634,lordship,17
4635,arms,4
4636,hose,1
4637,sleeves,1
4638,nose,5
4639,methink,1
4640,wast,3
4641,undeserved,1
4642,picking,1
4643,kernel,1
4644,pomegranate,1
4645,vagabond,2
4646,traveller,2
4647,personages,1
4648,commission,1
4649,heraldry,1
4650,conceal,1
4651,awhile,3
4652,forfeited,2
4653,cares,2
4654,sweetheart,2
4655,priest,1
4656,tread,1
4657,box,1
4658,hugs,1
4659,kicky,1
4660,wicky,1
4661,manly,1
4662,marrow,1
4663,sustain,2
4664,curvet,1
4665,steed,2
4666,regions,1
4667,stable,1
4668,jades,2
4669,italian,2
4670,detested,1
4671,capriccio,1
4672,noise,2
4673,marr,1
4674,4,3
4675,greets,1
4676,wants,1
4677,ail,1
4678,whither,5
4679,fortunate,1
4680,money,3
4681,shakes,1
4682,undoing,1
4683,witty,1
4684,profitable,1
4685,laughter,3
4686,serious,3
4687,prerogative,1
4688,compell,2
4689,restraint,2
4690,delay,3
4691,strew,2
4692,distil,1
4693,curbed,1
4694,erflow,1
4695,proceeding,2
4696,ned,1
4697,apology,1
4698,probable,2
4699,commands,3
4700,obtain,1
4701,everything,4
4702,5,3
4703,warranted,1
4704,testimony,1
4705,bunting,1
4706,accordingly,2
4707,sinn,1
4708,transgress,1
4709,dangerous,2
4710,pursue,2
4711,amity,2
4712,tailor,2
4713,workman,1
4714,casketed,1
4715,bride,1
4716,dinner,2
4717,thirds,1
4718,nothings,1
4719,deserved,2
4720,displeasure,7
4721,shift,1
4722,boots,1
4723,spurs,2
4724,leapt,1
4725,custard,1
4726,residence,1
4727,mistaken,1
4728,kernal,1
4729,nut,1
4730,clothes,3
4731,consequence,1
4732,natures,1
4733,spoken,7
4734,clog,1
4735,procur,1
4736,ministration,1
4737,required,1
4738,prepar,3
4739,unsettled,1
4740,entreat,6
4741,appointments,1
4742,letter,15
4743,twill,3
4744,observance,2
4745,eke,1
4746,fail,5
4747,hie,2
4748,timorous,1
4749,strangers,2
4750,sunder,1
4751,drum,23
4752,flight,2
4753,coragio,1
4754,iii,8
4755,troop,3
4756,fundamental,1
4757,decision,1
4758,thirsts,1
4759,quarrel,3
4760,opposer,1
4761,borrowing,1
4762,council,2
4763,frames,1
4764,unable,1
4765,incertain,1
4766,grounds,2
4767,ease,1
4768,settle,2
4769,places,2
4770,avails,1
4771,field,5
4772,along,3
4773,troth,2
4774,ruff,1
4775,pick,2
4776,manor,1
4777,ling,2
4778,isbels,2
4779,country,5
4780,knock,3
4781,en,5
4782,reads,7
4783,recovered,4
4784,wedded,1
4785,bedded,1
4786,breadth,1
4787,unfortunate,1
4788,rash,2
4789,unbridled,1
4790,favours,1
4791,indignation,1
4792,misprizing,1
4793,yonder,3
4794,standing,1
4795,getting,2
4796,gentleman,30
4797,quirks,1
4798,met,5
4799,thitherward,1
4800,passport,1
4801,begotten,1
4802,dreadful,1
4803,prithee,9
4804,engrossest,1
4805,robb,1
4806,swiftest,1
4807,consenting,1
4808,hourly,2
4809,tainted,1
4810,corrupts,1
4811,inducement,1
4812,deal,4
4813,loses,3
4814,worthiest,1
4815,courtesies,2
4816,expose,1
4817,event,1
4818,non,1
4819,sparing,1
4820,drive,2
4821,smoky,1
4822,muskets,1
4823,leaden,1
4824,violent,1
4825,piecing,1
4826,piercing,1
4827,shoots,1
4828,caitiff,1
4829,effected,3
4830,ravin,1
4831,roar,1
4832,constraint,3
4833,hunger,1
4834,miseries,1
4835,wins,1
4836,scar,4
4837,fan,2
4838,offic,1
4839,rumour,1
4840,consolate,1
4841,trumpets,4
4842,promising,2
4843,prosperous,1
4844,helm,3
4845,auspicious,1
4846,file,3
4847,hater,1
4848,jaques,5
4849,pilgrim,7
4850,ambitious,1
4851,barefoot,1
4852,plod,1
4853,sainted,1
4854,amended,1
4855,fervour,1
4856,labours,1
4857,despiteful,1
4858,juno,1
4859,courtly,1
4860,camping,1
4861,dogs,1
4862,embrace,1
4863,mildest,1
4864,rinaldo,2
4865,letting,1
4866,diverted,1
4867,prevented,2
4868,ta,1
4869,reprieve,1
4870,wrath,1
4871,sharply,1
4872,convenient,2
4873,led,2
4874,tucket,2
4875,approach,3
4876,commander,1
4877,slew,2
4878,labour,3
4879,hark,3
4880,suffice,1
4881,earl,2
4882,solicited,1
4883,officer,3
4884,suggestions,1
4885,enticements,1
4886,tokens,2
4887,engines,1
4888,seduced,1
4889,misery,1
4890,terrible,2
4891,maidenhood,1
4892,succession,2
4893,limed,1
4894,twigs,2
4895,threatens,1
4896,le,2
4897,grand,2
4898,palmers,1
4899,lodge,1
4900,francis,1
4901,tarry,1
4902,troops,2
4903,lodg,1
4904,hostess,1
4905,countryman,1
4906,hears,2
4907,nobly,3
4908,surely,1
4909,coarsely,1
4910,repeated,1
4911,reserved,1
4912,examin,1
4913,detesting,1
4914,wheresoe,1
4915,sadly,1
4916,shrewd,2
4917,pleas,2
4918,amorous,5
4919,solicits,1
4920,unlawful,2
4921,brokes,1
4922,honestest,1
4923,army,5
4924,gods,7
4925,antonio,1
4926,eldest,1
4927,escalus,1
4928,plume,1
4929,gallant,3
4930,honester,1
4931,goodlier,1
4932,handsome,2
4933,yond,1
4934,rascal,1
4935,jack,1
4936,apes,1
4937,perchance,3
4938,shrewdly,2
4939,spied,1
4940,courtesy,1
4941,carrier,1
4942,host,1
4943,enjoin,1
4944,penitents,1
4945,matron,1
4946,thanking,1
4947,requite,1
4948,precepts,1
4949,6,1
4950,camp,8
4951,bubble,1
4952,direct,2
4953,malice,2
4954,kinsman,1
4955,notable,1
4956,breaker,1
4957,entertainment,3
4958,reposing,1
4959,trusty,1
4960,fetch,4
4961,confidently,2
4962,undertake,5
4963,suddenly,1
4964,surprise,1
4965,hoodwink,2
4966,carried,2
4967,leaguer,1
4968,adversaries,1
4969,tents,1
4970,examination,1
4971,highest,1
4972,compulsion,1
4973,oath,4
4974,stratagem,3
4975,lump,1
4976,ore,1
4977,melted,1
4978,john,1
4979,inclining,1
4980,hinder,1
4981,design,1
4982,sticks,2
4983,sorely,1
4984,disposition,2
4985,pox,3
4986,rend,2
4987,blam,1
4988,caesar,66
4989,greatly,1
4990,condemn,2
4991,dishonour,1
4992,attributed,1
4993,exact,1
4994,performer,1
4995,hic,1
4996,jacet,1
4997,mystery,2
4998,instrument,2
4999,magnanimous,1
5000,enterprise,1
5001,syllable,1
5002,slumber,1
5003,evening,1
5004,dilemmas,1
5005,encourage,1
5006,preparation,1
5007,midnight,4
5008,subscribe,2
5009,fish,2
5010,damns,1
5011,dares,1
5012,week,1
5013,escape,1
5014,discoveries,1
5015,address,1
5016,clap,1
5017,emboss,1
5018,smok,1
5019,disguise,2
5020,parted,1
5021,sprat,1
5022,caught,2
5023,lass,1
5024,coxcomb,1
5025,7,1
5026,businesses,2
5027,reputation,6
5028,staining,1
5029,borrow,2
5030,approves,2
5031,purse,2
5032,friendly,1
5033,important,1
5034,county,1
5035,downward,1
5036,succeeded,1
5037,descents,1
5038,repented,2
5039,appoints,1
5040,crowns,1
5041,yielded,1
5042,instruct,2
5043,persever,2
5044,deceit,1
5045,coherent,1
5046,musics,1
5047,steads,1
5048,eaves,1
5049,persists,1
5050,assay,1
5051,fact,1
5052,iv,6
5053,hedge,2
5054,corner,1
5055,sally,1
5056,interpreter,5
5057,linsey,1
5058,woolsey,1
5059,band,3
5060,adversary,1
5061,neighbouring,1
5062,languages,1
5063,choughs,1
5064,gabble,1
5065,couch,1
5066,beguile,2
5067,forges,1
5068,disgraces,1
5069,foolhardy,1
5070,daring,1
5071,recovery,1
5072,ignorant,3
5073,ones,3
5074,instance,1
5075,butterwoman,1
5076,bajazet,1
5077,mule,1
5078,prattle,1
5079,perils,1
5080,possible,2
5081,cutting,1
5082,breaking,3
5083,spanish,1
5084,baring,1
5085,stripp,1
5086,hardly,2
5087,swore,1
5088,citadel,1
5089,thirty,2
5090,fathom,1
5091,recover,1
5092,alarum,2
5093,throca,1
5094,movousus,1
5095,cargo,7
5096,villianda,1
5097,par,1
5098,corbo,1
5099,blindfold,1
5100,boskos,3
5101,thromuldo,1
5102,muskos,1
5103,dane,1
5104,dutch,1
5105,discover,2
5106,undo,1
5107,vauvado,1
5108,kerely,1
5109,bonto,1
5110,betake,1
5111,seventeen,1
5112,poniards,1
5113,manka,1
5114,revania,1
5115,dulche,1
5116,oscorbidulchos,1
5117,volivorco,1
5118,gather,1
5119,secrets,2
5120,purposes,2
5121,acordo,1
5122,linta,1
5123,granted,1
5124,guarded,4
5125,woodcock,1
5126,muffled,2
5127,safely,2
5128,lock,1
5129,fontibell,1
5130,titled,1
5131,barely,1
5132,prick,1
5133,jove,3
5134,attributes,1
5135,conditions,3
5136,unseal,1
5137,opinion,2
5138,integrity,1
5139,crafts,1
5140,recovers,1
5141,ropes,1
5142,scarre,1
5143,obloquy,2
5144,chastity,2
5145,proper,3
5146,champion,1
5147,conquer,1
5148,future,1
5149,sat,3
5150,braid,1
5151,cozen,3
5152,deliv,1
5153,chang,1
5154,shaking,1
5155,incurred,1
5156,everlasting,1
5157,perverted,1
5158,renown,2
5159,fleshes,1
5160,monumental,1
5161,unchaste,1
5162,rebellion,2
5163,merely,1
5164,treasons,2
5165,reveal,1
5166,attain,1
5167,abhorr,1
5168,contrives,1
5169,erflows,2
5170,damnable,2
5171,trumpeters,1
5172,company,4
5173,dieted,1
5174,apace,2
5175,gladly,1
5176,anatomiz,1
5177,curiously,1
5178,meddle,1
5179,whip,1
5180,meantime,2
5181,overture,2
5182,altogether,2
5183,pretence,1
5184,undertaking,1
5185,austere,1
5186,sanctimony,1
5187,accomplish,1
5188,residing,3
5189,tenderness,1
5190,became,2
5191,justified,1
5192,confirm,1
5193,rector,1
5194,confirmations,1
5195,arming,1
5196,verity,1
5197,heartily,1
5198,mightily,3
5199,acquir,1
5200,encount,1
5201,web,1
5202,mingled,1
5203,yarn,1
5204,crimes,1
5205,street,3
5206,offered,1
5207,needful,2
5208,tartness,1
5209,sixteen,1
5210,month,1
5211,apiece,1
5212,abstract,2
5213,congied,1
5214,nearest,1
5215,returning,1
5216,convoy,2
5217,parcels,1
5218,nicer,1
5219,difficulty,1
5220,departure,2
5221,hereafter,2
5222,dialogue,1
5223,module,1
5224,deceiv,4
5225,prophesier,1
5226,stocks,4
5227,usurping,1
5228,weeps,1
5229,wench,2
5230,milk,1
5231,morgan,1
5232,supposes,1
5233,confession,1
5234,hoodman,1
5235,portotartarossa,1
5236,tortures,1
5237,pinch,1
5238,pasty,1
5239,bosko,1
5240,chimurcho,1
5241,boblibindo,1
5242,chicurmurco,1
5243,merciful,1
5244,unserviceable,1
5245,scattered,1
5246,commanders,1
5247,rogues,3
5248,sacrament,1
5249,saving,1
5250,militarist,1
5251,chape,1
5252,dagger,1
5253,keeping,2
5254,neatly,1
5255,thereabouts,1
5256,con,1
5257,marvellous,1
5258,fifty,4
5259,sebastian,1
5260,corambus,1
5261,guiltian,1
5262,cosmo,1
5263,lodowick,1
5264,gratii,1
5265,chitopher,1
5266,vaumond,1
5267,bentii,1
5268,amounts,1
5269,poll,1
5270,cassocks,1
5271,condition,1
5272,dumain,4
5273,expertness,2
5274,weighing,1
5275,sums,1
5276,inter,1
5277,gatories,1
5278,singly,1
5279,botcher,1
5280,prentice,1
5281,shrieve,1
5282,innocent,1
5283,tile,1
5284,lousy,1
5285,pocket,2
5286,sadness,1
5287,excellently,1
5288,advertisement,1
5289,allurement,1
5290,ruttish,1
5291,behalf,4
5292,whale,1
5293,devours,1
5294,fry,1
5295,rogue,1
5296,scores,2
5297,debts,1
5298,mell,1
5299,forehead,1
5300,devoted,1
5301,manifold,1
5302,linguist,1
5303,amnipotent,1
5304,remainder,1
5305,dungeon,1
5306,anywhere,1
5307,egg,1
5308,cloister,1
5309,rapes,1
5310,ravishments,1
5311,nessus,1
5312,professes,1
5313,hercules,1
5314,volubility,1
5315,drunkenness,1
5316,swine,1
5317,bedclothes,1
5318,straw,1
5319,description,2
5320,tragedians,1
5321,belie,1
5322,ship,1
5323,mile,1
5324,doubling,1
5325,files,2
5326,villain,1
5327,villainy,1
5328,rarity,1
5329,redeems,1
5330,price,4
5331,cardecue,2
5332,salvation,1
5333,entail,1
5334,remainders,1
5335,perpetually,1
5336,excels,1
5337,reputed,1
5338,retreat,1
5339,outruns,1
5340,lackey,1
5341,cramp,1
5342,drumming,1
5343,drums,2
5344,supposition,1
5345,traitorously,1
5346,pestiferous,1
5347,headsman,1
5348,unmuffling,1
5349,sonnet,1
5350,compel,1
5351,impudent,2
5352,burst,2
5353,braggart,2
5354,rust,1
5355,safest,1
5356,gratitude,1
5357,flinty,1
5358,tartar,1
5359,duly,1
5360,hies,1
5361,aiding,1
5362,helper,1
5363,trusting,1
5364,defiles,1
5365,pitchy,1
5366,loathes,1
5367,instructions,1
5368,impositions,1
5369,briers,1
5370,waggon,1
5371,revives,1
5372,misled,1
5373,snipt,1
5374,taffeta,1
5375,villainous,1
5376,saffron,1
5377,unbak,1
5378,doughy,1
5379,advanc,1
5380,tail,1
5381,bee,1
5382,partaken,1
5383,owed,1
5384,rooted,1
5385,sallets,1
5386,herb,2
5387,sallet,2
5388,herbs,2
5389,nebuchadnezzar,1
5390,bauble,1
5391,fisnomy,1
5392,hotter,1
5393,alias,2
5394,woodland,1
5395,chill,1
5396,tricks,4
5397,unhappy,1
5398,sauciness,1
5399,moved,1
5400,minority,1
5401,propose,1
5402,conceived,1
5403,fitter,1
5404,happily,2
5405,post,1
5406,rejoices,1
5407,tal,1
5408,patch,4
5409,pile,1
5410,belike,2
5411,carbonado,1
5412,dozen,1
5413,delicate,2
5414,hats,1
5415,courteous,3
5416,nod,1
5417,exceeding,2
5418,requital,1
5419,unroot,1
5420,goaded,1
5421,occasions,1
5422,nice,1
5423,petition,3
5424,remov,1
5425,unfit,1
5426,inner,1
5427,familiarity,1
5428,muddied,2
5429,mood,1
5430,somewhat,1
5431,henceforth,2
5432,spake,1
5433,metaphor,3
5434,stink,1
5435,foh,1
5436,stool,1
5437,nobleman,1
5438,pur,1
5439,musk,1
5440,fishpond,1
5441,carp,1
5442,ingenious,1
5443,rascally,1
5444,distress,1
5445,similes,1
5446,cruelly,1
5447,scratch,3
5448,pare,1
5449,nails,1
5450,justices,1
5451,penny,1
5452,ha,3
5453,cox,1
5454,sooth,1
5455,inquire,2
5456,estimation,1
5457,blaze,1
5458,erbears,1
5459,burns,1
5460,forgiven,1
5461,revenges,1
5462,astonish,1
5463,richest,1
5464,reconcil,1
5465,repetition,1
5466,deeper,1
5467,incensing,1
5468,sunshine,1
5469,hail,2
5470,distracted,1
5471,blames,1
5472,inaudible,1
5473,noiseless,1
5474,stuck,1
5475,herald,1
5476,infixing,1
5477,warp,1
5478,prais,2
5479,offend,1
5480,excus,1
5481,strikes,2
5482,compt,1
5483,remorseful,1
5484,slowly,1
5485,trivial,2
5486,displeasures,1
5487,destroy,1
5488,shameful,1
5489,sleeps,1
5490,afternoon,1
5491,knell,1
5492,maudlin,1
5493,consents,1
5494,widower,3
5495,cesse,1
5496,digested,2
5497,sparkle,1
5498,fasten,1
5499,necessitied,1
5500,relieve,1
5501,craft,1
5502,reave,1
5503,stead,1
5504,pleases,1
5505,thrown,1
5506,wrapp,2
5507,engag,1
5508,subscrib,1
5509,fully,2
5510,ceas,1
5511,plutus,1
5512,tinct,2
5513,multiplying,1
5514,med,2
5515,cine,2
5516,science,1
5517,enforcement,1
5518,saints,1
5519,conjectural,1
5520,inhuman,1
5521,deadly,3
5522,guards,1
5523,seize,1
5524,proofs,2
5525,vanity,1
5526,sift,1
5527,husbanded,1
5528,dismal,1
5529,thinkings,1
5530,removes,1
5531,undertook,1
5532,vanquish,1
5533,thereto,1
5534,suppliant,1
5535,importing,1
5536,verbal,1
5537,concern,3
5538,protestations,1
5539,seducer,1
5540,flourishes,1
5541,capilet,2
5542,toll,1
5543,heavens,2
5544,discov,1
5545,suitors,2
5546,afeard,1
5547,foully,1
5548,snatch,1
5549,doers,1
5550,sith,1
5551,wives,2
5552,ancient,1
5553,embodied,1
5554,marries,1
5555,desp,1
5556,sink,1
5557,gamester,1
5558,validity,1
5559,parallel,1
5560,commoner,1
5561,preceding,1
5562,gem,1
5563,conferr,1
5564,loath,1
5565,quoted,1
5566,perfidious,1
5567,spots,2
5568,sickens,1
5569,utter,3
5570,lik,1
5571,boarded,1
5572,angle,1
5573,eagerness,1
5574,motives,1
5575,subdu,1
5576,market,2
5577,diet,1
5578,abed,1
5579,boggle,1
5580,feather,1
5581,starts,1
5582,equivocal,1
5583,naughty,1
5584,orator,1
5585,satan,1
5586,limbo,1
5587,furies,1
5588,motions,1
5589,evidence,2
5590,glove,1
5591,customer,1
5592,accus,1
5593,jeweller,1
5594,abus,1
5595,quit,1
5596,defil,1
5597,feels,1
5598,kick,1
5599,exorcist,1
5600,beguiles,1
5601,truer,1
5602,real,1
5603,doubly,1
5604,clearly,1
5605,divorce,1
5606,step,1
5607,onions,1
5608,handkercher,1
5609,curtsies,1
5610,beest,1
5611,uncropped,1
5612,resolvedly,1
5613,epilogue,2
5614,omnes,1
5615,philo,2
5616,dotage,2
5617,musters,1
5618,glow,2
5619,plated,1
5620,devotion,1
5621,tawny,1
5622,scuffles,1
5623,fights,1
5624,buckles,1
5625,reneges,1
5626,temper,1
5627,bellows,1
5628,gipsy,1
5629,antony,108
5630,cleopatra,67
5631,train,3
5632,fanning,1
5633,pillar,1
5634,transform,1
5635,beggary,1
5636,bourn,1
5637,belov,2
5638,rome,13
5639,grates,1
5640,fulvia,18
5641,bearded,1
5642,pow,3
5643,rful,1
5644,mandate,1
5645,enfranchise,1
5646,dismission,1
5647,egypt,17
5648,blushest,1
5649,homager,1
5650,shrill,1
5651,tongu,1
5652,scolds,1
5653,tiber,1
5654,melt,1
5655,arch,1
5656,rang,1
5657,dungy,1
5658,nobleness,1
5659,emhracing,1
5660,pair,1
5661,punishment,1
5662,weet,1
5663,peerless,1
5664,stirr,1
5665,conference,1
5666,fie,1
5667,admir,2
5668,wander,1
5669,streets,2
5670,people,5
5671,demetrius,2
5672,antonius,2
5673,priz,1
5674,alexandria,5
5675,charmian,42
5676,iras,11
5677,alexas,24
5678,soothsayer,13
5679,absolute,2
5680,garlands,1
5681,secrecy,1
5682,enobarbus,43
5683,foresee,2
5684,paint,1
5685,prescience,1
5686,attentive,1
5687,beloving,1
5688,liver,1
5689,drinking,2
5690,forenoon,1
5691,herod,1
5692,jewry,1
5693,homage,1
5694,octavius,2
5695,figs,1
5696,names,1
5697,wenches,1
5698,fertile,1
5699,witch,1
5700,sheets,2
5701,privy,1
5702,palm,2
5703,presages,1
5704,erflowing,1
5705,nilus,2
5706,presageth,1
5707,bedfellow,1
5708,soothsay,1
5709,oily,1
5710,fruitful,1
5711,prognostication,1
5712,worky,1
5713,inch,2
5714,isis,5
5715,fiftyfold,1
5716,prayer,2
5717,heartbreaking,1
5718,loose,1
5719,wiv,1
5720,uncuckolded,1
5721,decorum,1
5722,whores,1
5723,ld,1
5724,dispos,1
5725,mirth,3
5726,roman,3
5727,lucius,1
5728,jointing,1
5729,drave,1
5730,infects,1
5731,teller,1
5732,tale,1
5733,labienus,1
5734,stiff,1
5735,parthian,1
5736,asia,1
5737,euphrates,1
5738,conquering,1
5739,banner,1
5740,syria,1
5741,lydia,1
5742,ionia,1
5743,mince,1
5744,rail,1
5745,taunt,1
5746,earing,1
5747,sicyon,3
5748,egyptian,2
5749,fetters,1
5750,importeth,1
5751,contempts,1
5752,hurl,1
5753,opposite,1
5754,shov,1
5755,enchanting,1
5756,harms,2
5757,idleness,5
5758,hatch,1
5759,compelling,1
5760,occasion,1
5761,catching,1
5762,instantly,1
5763,mettle,1
5764,celerity,1
5765,finest,1
5766,storms,1
5767,almanacs,1
5769,wonderful,1
5770,discredited,1
5771,sacrifice,1
5772,pleaseth,1
5773,deities,1
5774,tailors,1
5775,comforting,1
5776,robes,1
5777,members,1
5778,lamented,1
5779,consolation,1
5780,petticoat,1
5781,onion,1
5782,broached,1
5783,broach,1
5784,wholly,1
5785,abode,1
5786,notice,1
5787,expedience,1
5788,urgent,1
5789,contriving,1
5790,sextus,2
5791,pompeius,2
5792,slippery,1
5793,link,1
5794,deserver,1
5795,pompey,19
5796,dignities,1
5797,courser,1
5798,method,1
5799,tempt,1
5800,planted,1
5801,riotous,1
5802,entangled,1
5803,sued,1
5804,staying,1
5805,inches,1
5806,equality,1
5807,domestic,1
5808,scrupulous,1
5809,faction,1
5810,newly,2
5811,creeps,1
5812,thrived,1
5813,threaten,1
5814,quietness,1
5815,childishness,1
5816,garboils,2
5817,vials,1
5818,sorrowful,1
5819,quickens,1
5820,slime,1
5821,affects,1
5822,dissembling,1
5823,meetly,1
5824,target,1
5825,mends,1
5826,herculean,1
5827,carriage,1
5828,chafe,1
5829,royalty,1
5830,sweating,1
5831,becomings,1
5832,laurel,1
5833,victory,1
5834,smooth,1
5835,feet,1
5836,abides,1
5837,lepidus,24
5838,competitor,1
5839,fishes,1
5840,lamps,1
5841,manlike,1
5842,ptolemy,2
5843,womanly,1
5844,vouchsaf,1
5845,partners,2
5846,enow,1
5847,darken,1
5848,blackness,1
5849,hereditary,1
5850,purchas,1
5851,chooses,1
5852,indulgent,1
5853,tumble,1
5854,tippling,1
5855,reel,1
5856,noon,1
5857,buffet,1
5858,sweat,1
5859,composure,1
5860,blemish,1
5861,foils,1
5862,lightness,1
5863,vacancy,2
5864,voluptuousness,1
5865,surfeits,1
5866,dryness,1
5867,chid,1
5868,mature,1
5869,pawn,1
5870,biddings,1
5871,ports,1
5872,discontents,1
5873,primal,1
5874,ebb,1
5875,lackeying,1
5876,rot,1
5877,menecrates,4
5878,menas,8
5879,pirates,1
5880,keels,1
5881,inroads,1
5882,borders,1
5883,maritime,1
5884,flush,1
5885,resisted,1
5886,wassails,1
5887,modena,1
5888,hirtius,1
5889,pansa,1
5890,consuls,1
5891,daintily,1
5892,savages,1
5893,stale,2
5894,puddle,1
5895,beasts,1
5896,cough,1
5897,deign,1
5898,roughest,1
5899,berry,1
5900,rudest,1
5901,stag,1
5902,pasture,1
5903,barks,1
5904,alps,1
5905,wounds,2
5906,lank,1
5907,thrives,1
5908,stirs,1
5909,partaker,1
5910,mardian,5
5911,mandragora,1
5912,gap,2
5913,eunuch,2
5914,unseminar,1
5915,freer,1
5916,venus,2
5917,wot,1
5918,mov,2
5919,demi,1
5920,atlas,1
5921,burgonet,1
5922,murmuring,1
5923,nile,1
5924,delicious,1
5925,phoebus,1
5926,pinches,1
5927,wrinkled,1
5928,fronted,2
5929,morsel,1
5930,anchor,1
5931,unlike,1
5932,doubled,1
5933,orient,1
5934,oyster,1
5935,opulent,1
5936,nodded,1
5937,soberly,1
5938,mount,2
5939,gaunt,1
5940,beastly,1
5941,extremes,1
5942,mingle,1
5943,violence,1
5944,posts,1
5945,chok,1
5946,emphasis,1
5947,paragon,1
5948,salad,1
5949,unpeople,1
5950,messina,1
5951,assist,1
5952,justest,1
5953,rs,1
5954,crescent,1
5955,auguring,1
5956,gets,1
5957,flatters,1
5958,silvius,1
5959,charms,1
5960,soften,1
5961,wan,1
5962,witchcraft,1
5963,fuming,1
5964,epicurean,1
5965,cooks,1
5966,sharpen,1
5967,cloyless,1
5968,sauce,1
5969,prorogue,1
5970,lethe,1
5971,dullness,1
5972,varrius,3
5973,expected,1
5974,surfeiter,1
5975,donn,1
5976,rear,1
5977,stirring,1
5978,wearied,1
5979,trespasses,1
5980,warr,1
5981,enmities,1
5982,pregnant,1
5983,entertained,1
5984,cement,1
5985,divisions,1
5986,strongest,1
5987,jupiter,1
5988,wearer,1
5989,shave,1
5990,stomaching,1
5991,matters,2
5992,embers,1
5993,ventidius,2
5994,maecenas,12
5995,agrippa,18
5996,compose,1
5997,parthia,1
5998,combin,1
5999,leaner,1
6000,murder,1
6001,healing,1
6002,earnestly,1
6003,curstness,1
6004,arinies,1
6005,derogately,1
6006,practise,1
6007,practis,1
6008,befall,1
6009,contestation,1
6010,theme,1
6011,drew,1
6012,discredit,1
6013,laying,1
6014,excuses,1
6015,partner,1
6016,graceful,1
6017,snaffle,1
6018,uncurbable,1
6019,impatience,1
6020,shrewdness,1
6021,grieving,1
6022,disquiet,1
6023,wrote,1
6024,rioting,1
6025,taunts,1
6026,gibe,1
6027,missive,1
6028,feasted,1
6029,wipe,1
6030,article,2
6031,talks,1
6032,requir,1
6033,penitent,1
6034,stoop,1
6035,atone,1
6036,worthily,2
6037,wrangle,1
6038,considerate,1
6039,dislike,1
6040,diff,1
6041,hoop,1
6042,stanch,1
6043,octavia,4
6044,reproof,1
6045,rashness,1
6046,brothers,2
6047,unslipping,1
6048,jealousies,1
6049,dangers,1
6050,tales,2
6051,studied,1
6052,ruminated,1
6053,fairly,1
6054,govern,1
6055,misenum,1
6056,gladness,1
6057,invite,1
6058,boars,1
6059,roasted,1
6060,breakfast,1
6061,twelve,1
6062,noting,1
6063,purs,1
6064,cydnus,1
6065,reporter,1
6066,devis,1
6067,barge,2
6068,burnish,1
6069,poop,1
6070,sails,1
6071,oars,1
6072,flutes,1
6073,stroke,1
6074,strokes,1
6075,cloth,1
6076,tissue,1
6077,erpicturing,1
6078,dimpled,1
6079,cupids,1
6080,fans,1
6081,undid,1
6082,gentlewomen,1
6083,nereides,1
6084,mermaids,1
6085,adornings,1
6086,mermaid,1
6087,steers,1
6088,silken,1
6089,tackle,1
6090,yarely,1
6091,invisible,1
6092,perfume,1
6093,adjacent,1
6094,wharfs,1
6095,enthron,1
6096,whistling,1
6097,landing,1
6098,supper,1
6099,replied,1
6100,entreated,1
6101,ordinary,1
6102,ploughed,1
6103,cropp,1
6104,forty,1
6105,paces,1
6106,panted,1
6107,breathless,1
6108,utterly,1
6109,custom,1
6110,variety,1
6111,cloy,1
6112,appetites,1
6113,satisfies,1
6114,priests,1
6115,riggish,1
